USE WilkiDB
INSERT INTO [dbo].[AspNetUsers] ([Id], [UserName], [NormalizedUserName], [Email], [NormalizedEmail], [EmailConfirmed], [PasswordHash], [SecurityStamp], [ConcurrencyStamp], [PhoneNumber], [PhoneNumberConfirmed], [TwoFactorEnabled], [LockoutEnd], [LockoutEnabled], [AccessFailedCount]) VALUES ('85f9651e-e780-4bbe-8ff4-48dd0ab285e6', 'elira.gashi@outlook.com', 'ELIRA.GASHI@OUTLOOK.COM', 'elira.gashi@outlook.com', 'ELIRA.GASHI@OUTLOOK.COM', 0, 'AQAAAAEAACcQAAAAEFKLd4c+YMtP3gVNVmoGI5lp1VplNgb6MJ3wEoILt20uJbX45ljhktSOaeHNobG4Hg==', 'DLZQ6P5EVJ7YOMMVHWWRPUB3RDOCBEYQ', '7819abb7-3bc8-4c6a-8e5c-7f872bb9c904', NULL, 0, 0, NULL, 1, 0);
INSERT INTO [dbo].[AspNetUsers] ([Id], [UserName], [NormalizedUserName], [Email], [NormalizedEmail], [EmailConfirmed], [PasswordHash], [SecurityStamp], [ConcurrencyStamp], [PhoneNumber], [PhoneNumberConfirmed], [TwoFactorEnabled], [LockoutEnd], [LockoutEnabled], [AccessFailedCount]) VALUES ('b10553ea-caa3-4e04-9ff4-68ea2314a428', 'bekim.nikqi@yahoo.com', 'BEKIM.NIKQI@YAHOO.COM', 'bekim.nikqi@yahoo.com', 'BEKIM.NIKQI@YAHOO.COM', 0, 'AQAAAAEAACcQAAAAEA5jBTMAWOuKc41DRtm+87wfi28FZ9F80wM9y9qFOq5Bl692sO5osc2n2Mb44vdxmg==', 'YV5EWDOWHYNNW4V4T6HZXVTU7JE4ZFC3', '4ddb46e3-a443-447b-af5f-a6fc5f5eecc5', NULL, 0, 0, NULL, 1, 0);
INSERT INTO [dbo].[AspNetUsers] ([Id], [UserName], [NormalizedUserName], [Email], [NormalizedEmail], [EmailConfirmed], [PasswordHash], [SecurityStamp], [ConcurrencyStamp], [PhoneNumber], [PhoneNumberConfirmed], [TwoFactorEnabled], [LockoutEnd], [LockoutEnabled], [AccessFailedCount]) VALUES ('b4899bb9-0db4-4be1-a8ac-1091395f715c', 'fjolla.berisha@hotmail.com', 'FJOLLA.BERISHA@HOTMAIL.COM', 'fjolla.berisha@hotmail.com', 'FJOLLA.BERISHA@HOTMAIL.COM', 0, 'AQAAAAEAACcQAAAAEH3bTvlNlE8YdNJi1ZziTxDvRJL5KPPs3yBMC0pwvbLrVH/LFmuT1bfb9gDBU8x+fw==', 'JLCZXWGDHPUUZLPWD26F7VWUCWLBN6J4', 'cca5c1eb-1f8c-4fb7-87a8-9e2363daeaca', NULL, 0, 0, NULL, 1, 0);
INSERT INTO [dbo].[AspNetUsers] ([Id], [UserName], [NormalizedUserName], [Email], [NormalizedEmail], [EmailConfirmed], [PasswordHash], [SecurityStamp], [ConcurrencyStamp], [PhoneNumber], [PhoneNumberConfirmed], [TwoFactorEnabled], [LockoutEnd], [LockoutEnabled], [AccessFailedCount]) VALUES ('c19d61d5-2259-48a2-8de0-d03514310220', 'arian.krasniqi@yahoo.com', 'ARIAN.KRASNIQI@YAHOO.COM', 'arian.krasniqi@yahoo.com', 'ARIAN.KRASNIQI@YAHOO.COM', 0, 'AQAAAAEAACcQAAAAEB55J3w5w/RpBKhxv3QIh/lfW2Na0B7aB0sjxFJTV6DQiMXwHeDeSiZjFQLgyMjGCg==', 'NRNNC3DU6PXXJ3GGRH4UWRGPMIRMMU22', 'e37f7146-d385-4269-9444-b6d53c98d1ad', NULL, 0, 0, NULL, 1, 0);
INSERT INTO [dbo].[AspNetUsers] ([Id], [UserName], [NormalizedUserName], [Email], [NormalizedEmail], [EmailConfirmed], [PasswordHash], [SecurityStamp], [ConcurrencyStamp], [PhoneNumber], [PhoneNumberConfirmed], [TwoFactorEnabled], [LockoutEnd], [LockoutEnabled], [AccessFailedCount]) VALUES ('cbf58847-ba91-4ee3-8227-d1269b872765', 'mimoza.morina@hotmail.com', 'MIMOZA.MORINA@HOTMAIL.COM', 'mimoza.morina@hotmail.com', 'MIMOZA.MORINA@HOTMAIL.COM', 0, 'AQAAAAEAACcQAAAAEI/NU3KCBgUKVAX6ghwe3jGrEKGCn8fKTsGrqJJTxEJgoLTtYhLFiLHym6w6kzG28Q==', 'H7JJ4YDPCQLIZF6PNLLS4T2QSAJJIUZX', 'ae643520-ab91-42b1-bdef-52b59a26cf93', NULL, 0, 0, NULL, 1, 0);
INSERT INTO [dbo].[AspNetUsers] ([Id], [UserName], [NormalizedUserName], [Email], [NormalizedEmail], [EmailConfirmed], [PasswordHash], [SecurityStamp], [ConcurrencyStamp], [PhoneNumber], [PhoneNumberConfirmed], [TwoFactorEnabled], [LockoutEnd], [LockoutEnabled], [AccessFailedCount]) VALUES ('cdf93efb-be74-43cb-8c87-93c0be083167', 'drin.limani@gmail.com', 'DRIN.LIMANI@GMAIL.COM', 'drin.limani@gmail.com', 'DRIN.LIMANI@GMAIL.COM', 0, 'AQAAAAEAACcQAAAAEOs+wuBmpC9ZOSMspKPsGmU6nETsbwMjxSf0y+PXo4BNtdQEwcv1x68HxlA05w3bAA==', 'VZJ44PKHEZRRJ5VL67NPULP2EAEAVD3E', '09f2b416-07a8-4783-b865-015d4188d7cb', NULL, 0, 0, NULL, 1, 0);
INSERT INTO [dbo].[AspNetUsers] ([Id], [UserName], [NormalizedUserName], [Email], [NormalizedEmail], [EmailConfirmed], [PasswordHash], [SecurityStamp], [ConcurrencyStamp], [PhoneNumber], [PhoneNumberConfirmed], [TwoFactorEnabled], [LockoutEnd], [LockoutEnabled], [AccessFailedCount]) VALUES ('e96c7b99-254c-4d15-919f-685eede6e4b5', 'besa.mustafa@outlook.com', 'BESA.MUSTAFA@OUTLOOK.COM', 'besa.mustafa@outlook.com', 'BESA.MUSTAFA@OUTLOOK.COM', 0, 'AQAAAAEAACcQAAAAEOGFHyxYPGJ3z1CDbi6v4IxwLH4asiT4bZvLS4xIpih+xE7MIOksHMjyB+1g0IHAhg==', 'RBTAJ74CZH6VRBRT7K3NAVORFYQYKRAV', '50e32757-f24f-4ec4-96c4-88d08385b17b', NULL, 0, 0, NULL, 1, 0);
INSERT INTO [dbo].[AspNetUsers] ([Id], [UserName], [NormalizedUserName], [Email], [NormalizedEmail], [EmailConfirmed], [PasswordHash], [SecurityStamp], [ConcurrencyStamp], [PhoneNumber], [PhoneNumberConfirmed], [TwoFactorEnabled], [LockoutEnd], [LockoutEnabled], [AccessFailedCount]) VALUES ('ea3434fd-ef2a-4227-9bc8-a2ec1718aa8b', 'ardian.beqiri@gmail.com', 'ARDIAN.BEQIRI@GMAIL.COM', 'ardian.beqiri@gmail.com', 'ARDIAN.BEQIRI@GMAIL.COM', 0, 'AQAAAAEAACcQAAAAEPMX9C+d+nWGsm5eWO97rUt6nFow9AQSMLJTtswyKroF9aSUneoxIXlMq1yi8sIgIw==', '6YEVTUGBS5TETO4VOED3RVNUBRCL46K6', '111ac928-1846-460b-b907-8bc35c2f3401', NULL, 0, 0, NULL, 1, 0);
INSERT INTO [dbo].[AspNetUsers] ([Id], [UserName], [NormalizedUserName], [Email], [NormalizedEmail], [EmailConfirmed], [PasswordHash], [SecurityStamp], [ConcurrencyStamp], [PhoneNumber], [PhoneNumberConfirmed], [TwoFactorEnabled], [LockoutEnd], [LockoutEnabled], [AccessFailedCount]) VALUES ('ee3f2e80-022a-4d8f-aa44-38ea3399724f', 'sara.hoxha@outlook.com', 'SARA.HOXHA@OUTLOOK.COM', 'sara.hoxha@outlook.com', 'SARA.HOXHA@OUTLOOK.COM', 0, 'AQAAAAEAACcQAAAAEFDXedcUlnV8pa+o2ED18UXhq22hs5CTKIpcvBsLsuF6KScrU/xjdI172ZaYVVbsIQ==', 'B6BLKSRURT5OJ3JHWPUUC2ZSPMFMKARG', '37db3376-883b-4dcd-adc6-204356b36f92', NULL, 0, 0, NULL, 1, 0);
INSERT INTO [dbo].[AspNetUsers] ([Id], [UserName], [NormalizedUserName], [Email], [NormalizedEmail], [EmailConfirmed], [PasswordHash], [SecurityStamp], [ConcurrencyStamp], [PhoneNumber], [PhoneNumberConfirmed], [TwoFactorEnabled], [LockoutEnd], [LockoutEnabled], [AccessFailedCount]) VALUES ('fe8b8cf5-6841-46c3-9a57-91fb37805274', 'arben.shala@gmail.com', 'ARBEN.SHALA@GMAIL.COM', 'arben.shala@gmail.com', 'ARBEN.SHALA@GMAIL.COM', 0, 'AQAAAAEAACcQAAAAEHXXRf5WxIMdXFh6ETPMEYIVC+dud1vZWA+SvdTKSleT1E3yZ4QDHvV9d+k4s7KWBw==', 'BO5P77D4HZQCUWZZBI3J77NFT44TUXPA', 'f311e7cd-f6c1-4ee3-90c9-60a0e6ff7589', NULL, 0, 0, NULL, 1, 0);
INSERT INTO [dbo].[AspNetUserRoles] ([UserId], [RoleId]) VALUES ('85f9651e-e780-4bbe-8ff4-48dd0ab285e6', '01010101-0101-0101-0101-010101010101');
INSERT INTO [dbo].[AspNetUserRoles] ([UserId], [RoleId]) VALUES ('b10553ea-caa3-4e04-9ff4-68ea2314a428', '01010101-0101-0101-0101-010101010101');
INSERT INTO [dbo].[AspNetUserRoles] ([UserId], [RoleId]) VALUES ('b4899bb9-0db4-4be1-a8ac-1091395f715c', '01010101-0101-0101-0101-010101010101');
INSERT INTO [dbo].[AspNetUserRoles] ([UserId], [RoleId]) VALUES ('c19d61d5-2259-48a2-8de0-d03514310220', '01010101-0101-0101-0101-010101010101');
INSERT INTO [dbo].[AspNetUserRoles] ([UserId], [RoleId]) VALUES ('cbf58847-ba91-4ee3-8227-d1269b872765', '01010101-0101-0101-0101-010101010101');
INSERT INTO [dbo].[AspNetUserRoles] ([UserId], [RoleId]) VALUES ('cdf93efb-be74-43cb-8c87-93c0be083167', '01010101-0101-0101-0101-010101010101');
INSERT INTO [dbo].[AspNetUserRoles] ([UserId], [RoleId]) VALUES ('e96c7b99-254c-4d15-919f-685eede6e4b5', '01010101-0101-0101-0101-010101010101');
INSERT INTO [dbo].[AspNetUserRoles] ([UserId], [RoleId]) VALUES ('ea3434fd-ef2a-4227-9bc8-a2ec1718aa8b', '01010101-0101-0101-0101-010101010101');
INSERT INTO [dbo].[AspNetUserRoles] ([UserId], [RoleId]) VALUES ('ee3f2e80-022a-4d8f-aa44-38ea3399724f', '01010101-0101-0101-0101-010101010101');
INSERT INTO [dbo].[AspNetUserRoles] ([UserId], [RoleId]) VALUES ('fe8b8cf5-6841-46c3-9a57-91fb37805274', '01010101-0101-0101-0101-010101010101');
INSERT INTO [dbo].[AspNetUserRoles] ([UserId], [RoleId]) VALUES ('ea3434fd-ef2a-4227-9bc8-a2ec1718aa8b', '02020202-0202-0202-0202-020202020202');
INSERT INTO [dbo].[AspNetUserRoles] ([UserId], [RoleId]) VALUES ('b10553ea-caa3-4e04-9ff4-68ea2314a428', '03030303-0303-0303-0303-030303030303');
INSERT INTO [dbo].[AspNetUserRoles] ([UserId], [RoleId]) VALUES ('cbf58847-ba91-4ee3-8227-d1269b872765', '03030303-0303-0303-0303-030303030303');
INSERT INTO [dbo].[AspNetUserRoles] ([UserId], [RoleId]) VALUES ('e96c7b99-254c-4d15-919f-685eede6e4b5', '03030303-0303-0303-0303-030303030303');
SET IDENTITY_INSERT [dbo].[Perdoruesit] ON;
INSERT INTO [dbo].[Perdoruesit] ([UserID], [Emri], [Mbiemri], [Email], [EmailFillestar], [AspNetUserId], [DataKrijimit]) VALUES (4, 'Arben', 'Shala', 'arben.shala@gmail.com', 'arben.shala@gmail.com', 'fe8b8cf5-6841-46c3-9a57-91fb37805274', '2024-02-06T21:07:36.987Z');
INSERT INTO [dbo].[Perdoruesit] ([UserID], [Emri], [Mbiemri], [Email], [EmailFillestar], [AspNetUserId], [DataKrijimit]) VALUES (5, 'Sara', 'Hoxha', 'sara.hoxha@outlook.com', 'sara.hoxha@outlook.com', 'ee3f2e80-022a-4d8f-aa44-38ea3399724f', '2024-02-10T16:29:47.032Z');
INSERT INTO [dbo].[Perdoruesit] ([UserID], [Emri], [Mbiemri], [Email], [EmailFillestar], [AspNetUserId], [DataKrijimit]) VALUES (6, 'Arian', 'Krasniqi', 'arian.krasniqi@yahoo.com', 'arian.krasniqi@yahoo.com', 'c19d61d5-2259-48a2-8de0-d03514310220', '2024-02-15T08:42:33.491Z');
INSERT INTO [dbo].[Perdoruesit] ([UserID], [Emri], [Mbiemri], [Email], [EmailFillestar], [AspNetUserId], [DataKrijimit]) VALUES (7, 'Fjolla', 'Berisha', 'fjolla.berisha@hotmail.com', 'fjolla.berisha@hotmail.com', 'b4899bb9-0db4-4be1-a8ac-1091395f715c', '2024-02-20T12:35:09.415Z');
INSERT INTO [dbo].[Perdoruesit] ([UserID], [Emri], [Mbiemri], [Email], [EmailFillestar], [AspNetUserId], [DataKrijimit]) VALUES (8, 'Drin', 'Limani', 'drin.limani@gmail.com', 'drin.limani@gmail.com', 'cdf93efb-be74-43cb-8c87-93c0be083167', '2024-03-05T10:08:40.279Z');
INSERT INTO [dbo].[Perdoruesit] ([UserID], [Emri], [Mbiemri], [Email], [EmailFillestar], [AspNetUserId], [DataKrijimit]) VALUES (9, 'Elira', 'Gashi', 'elira.gashi@outlook.com', 'elira.gashi@outlook.com', '85f9651e-e780-4bbe-8ff4-48dd0ab285e6', '2024-03-09T05:16:18.873Z');
INSERT INTO [dbo].[Perdoruesit] ([UserID], [Emri], [Mbiemri], [Email], [EmailFillestar], [AspNetUserId], [DataKrijimit]) VALUES (10, 'Bekim', 'Nikqi', 'bekim.nikqi@yahoo.com', 'bekim.nikqi@yahoo.com', 'b10553ea-caa3-4e04-9ff4-68ea2314a428', '2024-03-12T18:13:58.609Z');
INSERT INTO [dbo].[Perdoruesit] ([UserID], [Emri], [Mbiemri], [Email], [EmailFillestar], [AspNetUserId], [DataKrijimit]) VALUES (11, 'Mimoza', 'Morina', 'mimoza.morina@hotmail.com', 'mimoza.morina@hotmail.com', 'cbf58847-ba91-4ee3-8227-d1269b872765', '2024-03-16T20:55:21.724Z');
INSERT INTO [dbo].[Perdoruesit] ([UserID], [Emri], [Mbiemri], [Email], [EmailFillestar], [AspNetUserId], [DataKrijimit]) VALUES (12, 'Ardian', 'Beqiri', 'ardian.beqiri@gmail.com', 'ardian.beqiri@gmail.com', 'ea3434fd-ef2a-4227-9bc8-a2ec1718aa8b', '2024-03-21T15:49:02.125Z');
INSERT INTO [dbo].[Perdoruesit] ([UserID], [Emri], [Mbiemri], [Email], [EmailFillestar], [AspNetUserId], [DataKrijimit]) VALUES (13, 'Besa', 'Mustafa', 'besa.mustafa@outlook.com', 'besa.mustafa@outlook.com', 'e96c7b99-254c-4d15-919f-685eede6e4b5', '2024-03-27T03:24:50.846Z');
SET IDENTITY_INSERT [dbo].[Perdoruesit] OFF;
SET IDENTITY_INSERT [dbo].[TeDhenatPerdoruesit] ON;
INSERT INTO [dbo].[TeDhenatPerdoruesit] ([TeDhenatID], [NrKontaktit], [Qyteti], [ZipKodi], [Adresa], [Shteti], [Gjinia], [DataLindjes], [UserID], [DataKrijimit]) VALUES (4, '+38345234567', 'Prishtine', 10000, '123 Rruga e Dardanise', 'Kosove', 'M', '1992-03-15T00:00:00.000Z', 4, '2024-05-20T23:12:31.836Z');
INSERT INTO [dbo].[TeDhenatPerdoruesit] ([TeDhenatID], [NrKontaktit], [Qyteti], [ZipKodi], [Adresa], [Shteti], [Gjinia], [DataLindjes], [UserID], [DataKrijimit]) VALUES (5, '+38971456789', 'Shkup', 1000, '456 Ulica Makedonska', 'Maqedoni e Veriut', 'F', '1989-07-22T00:00:00.000Z', 5, '2024-05-20T23:13:26.568Z');
INSERT INTO [dbo].[TeDhenatPerdoruesit] ([TeDhenatID], [NrKontaktit], [Qyteti], [ZipKodi], [Adresa], [Shteti], [Gjinia], [DataLindjes], [UserID], [DataKrijimit]) VALUES (6, '+35568345678', 'Tiran', 1001, '789 Rruga e Shqiperise', 'Shqiperi', 'M', '1985-11-30T00:00:00.000Z', 6, '2024-05-20T23:15:13.069Z');
INSERT INTO [dbo].[TeDhenatPerdoruesit] ([TeDhenatID], [NrKontaktit], [Qyteti], [ZipKodi], [Adresa], [Shteti], [Gjinia], [DataLindjes], [UserID], [DataKrijimit]) VALUES (7, '+38348987654', 'Mitrovice', 40000, '321 Rruga e Kosoves', 'Kosove', 'F', '1994-05-17T00:00:00.000Z', 7, '2024-05-20T23:15:57.055Z');
INSERT INTO [dbo].[TeDhenatPerdoruesit] ([TeDhenatID], [NrKontaktit], [Qyteti], [ZipKodi], [Adresa], [Shteti], [Gjinia], [DataLindjes], [UserID], [DataKrijimit]) VALUES (8, '+38975654321', 'Bitola', 7000, '654 Ulica Vardarska', 'Maqedoni e Veriut', 'M', '1990-08-24T00:00:00.000Z', 8, '2024-05-20T23:17:08.708Z');
INSERT INTO [dbo].[TeDhenatPerdoruesit] ([TeDhenatID], [NrKontaktit], [Qyteti], [ZipKodi], [Adresa], [Shteti], [Gjinia], [DataLindjes], [UserID], [DataKrijimit]) VALUES (9, '049876543', 'Prizren', 20000, '987 Rruga e Lirise', 'Kosove', 'F', '1991-02-11T00:00:00.000Z', 9, '2024-05-20T23:18:18.033Z');
INSERT INTO [dbo].[TeDhenatPerdoruesit] ([TeDhenatID], [NrKontaktit], [Qyteti], [ZipKodi], [Adresa], [Shteti], [Gjinia], [DataLindjes], [UserID], [DataKrijimit]) VALUES (10, '069876543', 'Durres', 2001, '654 Rruga e Kombit', 'Kosove', 'M', '1986-06-14T00:00:00.000Z', 10, '2024-05-20T23:19:24.315Z');
INSERT INTO [dbo].[TeDhenatPerdoruesit] ([TeDhenatID], [NrKontaktit], [Qyteti], [ZipKodi], [Adresa], [Shteti], [Gjinia], [DataLindjes], [UserID], [DataKrijimit]) VALUES (11, '072234567', 'Oher', 6000, '123 Ulica Ohridska', 'Maqedoni e Veriut', 'M', '1993-10-29T00:00:00.000Z', 11, '2024-05-20T23:20:12.512Z');
INSERT INTO [dbo].[TeDhenatPerdoruesit] ([TeDhenatID], [NrKontaktit], [Qyteti], [ZipKodi], [Adresa], [Shteti], [Gjinia], [DataLindjes], [UserID], [DataKrijimit]) VALUES (12, '044765432', 'Gjakove', 50000, '456 Rruga e Pejes', 'Kosove', 'M', '1995-01-03T00:00:00.000Z', 12, '2024-05-20T23:21:05.744Z');
INSERT INTO [dbo].[TeDhenatPerdoruesit] ([TeDhenatID], [NrKontaktit], [Qyteti], [ZipKodi], [Adresa], [Shteti], [Gjinia], [DataLindjes], [UserID], [DataKrijimit]) VALUES (13, '068234567', 'Vlore', 9400, '789 Rruga e Flamurit', 'Shqiperi', 'F', '1996-12-18T00:00:00.000Z', 13, '2024-05-20T23:22:15.337Z');
SET IDENTITY_INSERT [dbo].[TeDhenatPerdoruesit] OFF;
SET IDENTITY_INSERT [dbo].[AdresatPerdoruesit] ON;
INSERT INTO [dbo].[AdresatPerdoruesit] ([AdresaID], [PerdoruesiID], [Qyteti], [ZipKodi], [Adresa], [Shteti], [Email], [NrKontaktit], [Emri], [Mbiemri]) VALUES (4, 4, 'Prishtine', 10000, '123 Rruga e Dardanise', 'Kosove', 'arben.shala@gmail.com', '+38345234567', 'Arben', 'Shala');
INSERT INTO [dbo].[AdresatPerdoruesit] ([AdresaID], [PerdoruesiID], [Qyteti], [ZipKodi], [Adresa], [Shteti], [Email], [NrKontaktit], [Emri], [Mbiemri]) VALUES (5, 5, 'Shkup', 1000, '456 Ulica Makedonska', 'Maqedoni e Veriut', 'sara.hoxha@outlook.com', '+38971456789', 'Sara', 'Hoxha');
INSERT INTO [dbo].[AdresatPerdoruesit] ([AdresaID], [PerdoruesiID], [Qyteti], [ZipKodi], [Adresa], [Shteti], [Email], [NrKontaktit], [Emri], [Mbiemri]) VALUES (6, 6, 'Tiran', 1001, '789 Rruga e Shqiperise', 'Shqiperi', 'arian.krasniqi@yahoo.com', '+35568345678', 'Arian', 'Krasniqi');
INSERT INTO [dbo].[AdresatPerdoruesit] ([AdresaID], [PerdoruesiID], [Qyteti], [ZipKodi], [Adresa], [Shteti], [Email], [NrKontaktit], [Emri], [Mbiemri]) VALUES (7, 7, 'Mitrovice', 40000, '321 Rruga e Kosoves', 'Kosove', 'fjolla.berisha@hotmail.com', '+38348987654', 'Fjolla', 'Berisha');
INSERT INTO [dbo].[AdresatPerdoruesit] ([AdresaID], [PerdoruesiID], [Qyteti], [ZipKodi], [Adresa], [Shteti], [Email], [NrKontaktit], [Emri], [Mbiemri]) VALUES (8, 8, 'Bitola', 7000, '654 Ulica Vardarska', 'Maqedoni e Veriut', 'drin.limani@gmail.com', '+38975654321', 'Drin', 'Limani');
INSERT INTO [dbo].[AdresatPerdoruesit] ([AdresaID], [PerdoruesiID], [Qyteti], [ZipKodi], [Adresa], [Shteti], [Email], [NrKontaktit], [Emri], [Mbiemri]) VALUES (9, 9, 'Prizren', 20000, '987 Rruga e Lirise', 'Kosove', 'elira.gashi@outlook.com', '049876543', 'Elira', 'Gashi');
INSERT INTO [dbo].[AdresatPerdoruesit] ([AdresaID], [PerdoruesiID], [Qyteti], [ZipKodi], [Adresa], [Shteti], [Email], [NrKontaktit], [Emri], [Mbiemri]) VALUES (10, 10, 'Durres', 2001, '654 Rruga e Kombit', 'Kosove', 'bekim.nikqi@yahoo.com', '069876543', 'Bekim', 'Nikqi');
INSERT INTO [dbo].[AdresatPerdoruesit] ([AdresaID], [PerdoruesiID], [Qyteti], [ZipKodi], [Adresa], [Shteti], [Email], [NrKontaktit], [Emri], [Mbiemri]) VALUES (11, 11, 'Oher', 6000, '123 Ulica Ohridska', 'Maqedoni e Veriut', 'mimoza.morina@hotmail.com', '072234567', 'Mimoza', 'Morina');
INSERT INTO [dbo].[AdresatPerdoruesit] ([AdresaID], [PerdoruesiID], [Qyteti], [ZipKodi], [Adresa], [Shteti], [Email], [NrKontaktit], [Emri], [Mbiemri]) VALUES (12, 12, 'Gjakove', 50000, '456 Rruga e Pejes', 'Kosove', 'ardian.beqiri@gmail.com', '044765432', 'Ardian', 'Beqiri');
INSERT INTO [dbo].[AdresatPerdoruesit] ([AdresaID], [PerdoruesiID], [Qyteti], [ZipKodi], [Adresa], [Shteti], [Email], [NrKontaktit], [Emri], [Mbiemri]) VALUES (13, 13, 'Vlore', 9400, '789 Rruga e Flamurit', 'Shqiperi', 'besa.mustafa@outlook.com', '068234567', 'Besa', 'Mustafa');
SET IDENTITY_INSERT [dbo].[AdresatPerdoruesit] OFF;

SET IDENTITY_INSERT [dbo].[ContactForm] ON;
INSERT INTO [dbo].[ContactForm] ([MesazhiId], [UserId], [Mesazhi], [DataDergeses], [Statusi], [Emri], [Email]) VALUES (1, 4, 'Cilat jane ushqimet me te shendetshme per qente?', '2024-05-13T00:00:00.000Z', 'Mesazhi juaj eshte derguar tek Stafi', 'Arben Shala', 'arben.shala@gmail.com');
INSERT INTO [dbo].[ContactForm] ([MesazhiId], [UserId], [Mesazhi], [DataDergeses], [Statusi], [Emri], [Email]) VALUES (2, 4, 'Si duhet te kujdesem per higjienen e maceve?', '2024-03-16T00:00:00.000Z', 'Mesazhi eshte pranuar dhe eshte pergjigjur ne email', 'Arben Shala', 'arben.shala@gmail.com');
INSERT INTO [dbo].[ContactForm] ([MesazhiId], [UserId], [Mesazhi], [DataDergeses], [Statusi], [Emri], [Email]) VALUES (3, 4, 'Cilat jane perfitimet e perdorimit te lodrave interaktive per kafshet?', '2024-02-15T00:00:00.000Z', 'Mesazhi eshte pranuar dhe eshte pergjigjur ne email', 'Arben Shala', 'arben.shala@gmail.com');
INSERT INTO [dbo].[ContactForm] ([MesazhiId], [UserId], [Mesazhi], [DataDergeses], [Statusi], [Emri], [Email]) VALUES (4, 4, 'Si mund te zgjedh shtreter te rehatshem per qente?', '2024-02-07T00:00:00.000Z', 'Mesazhi juaj eshte derguar tek Stafi', 'Arben Shala', 'arben.shala@gmail.com');
INSERT INTO [dbo].[ContactForm] ([MesazhiId], [UserId], [Mesazhi], [DataDergeses], [Statusi], [Emri], [Email]) VALUES (5, 4, 'Cilat jane produktet me te mira per kujdesin e maceve?', '2024-05-13T00:00:00.000Z', 'Mesazhi eshte pranuar dhe eshte pergjigjur ne email', 'Arben Shala', 'arben.shala@gmail.com');
INSERT INTO [dbo].[ContactForm] ([MesazhiId], [UserId], [Mesazhi], [DataDergeses], [Statusi], [Emri], [Email]) VALUES (6, 4, 'Si mund te permiresoj shendetin e kafsheve shtepiake me suplemente?', '2024-02-28T00:00:00.000Z', 'Mesazhi juaj eshte derguar tek Stafi', 'Arben Shala', 'arben.shala@gmail.com');
INSERT INTO [dbo].[ContactForm] ([MesazhiId], [UserId], [Mesazhi], [DataDergeses], [Statusi], [Emri], [Email]) VALUES (7, 4, 'Cilat jane perfitimet e shetitjeve te rregullta per qente?', '2024-04-22T00:00:00.000Z', 'Mesazhi juaj eshte derguar tek Stafi', 'Arben Shala', 'arben.shala@gmail.com');
INSERT INTO [dbo].[ContactForm] ([MesazhiId], [UserId], [Mesazhi], [DataDergeses], [Statusi], [Emri], [Email]) VALUES (8, 4, 'Si mund te zgjedh aksesoret me te mire per kafshet e mia?', '2024-02-04T00:00:00.000Z', 'Mesazhi juaj eshte derguar tek Stafi', 'Arben Shala', 'arben.shala@gmail.com');
INSERT INTO [dbo].[ContactForm] ([MesazhiId], [UserId], [Mesazhi], [DataDergeses], [Statusi], [Emri], [Email]) VALUES (9, 4, 'Cilat jane perfitimet e stervitjes se qente me pajisje speciale?', '2024-05-03T00:00:00.000Z', 'Mesazhi juaj eshte derguar tek Stafi', 'Arben Shala', 'arben.shala@gmail.com');
INSERT INTO [dbo].[ContactForm] ([MesazhiId], [UserId], [Mesazhi], [DataDergeses], [Statusi], [Emri], [Email]) VALUES (10, 4, 'Si mund te mbaje kafshet e mia aktive gjate gjithe dites?', '2024-04-14T00:00:00.000Z', 'Mesazhi juaj eshte derguar tek Stafi', 'Arben Shala', 'arben.shala@gmail.com');
INSERT INTO [dbo].[ContactForm] ([MesazhiId], [UserId], [Mesazhi], [DataDergeses], [Statusi], [Emri], [Email]) VALUES (11, 5, 'Cilat jane karakteristikat kryesore te nje produkti te mire per kujdesin e kafsheve?', '2024-02-02T00:00:00.000Z', 'Mesazhi eshte pranuar dhe eshte pergjigjur ne email', 'Sara Hoxha', 'sara.hoxha@outlook.com');
INSERT INTO [dbo].[ContactForm] ([MesazhiId], [UserId], [Mesazhi], [DataDergeses], [Statusi], [Emri], [Email]) VALUES (12, 5, 'Cilat jane ushqimet me te mira per mace?', '2024-03-13T00:00:00.000Z', 'Mesazhi eshte pranuar dhe eshte pergjigjur ne email', 'Sara Hoxha', 'sara.hoxha@outlook.com');
INSERT INTO [dbo].[ContactForm] ([MesazhiId], [UserId], [Mesazhi], [DataDergeses], [Statusi], [Emri], [Email]) VALUES (13, 5, 'Si ndihmojne shetitesit automatike per qente ne aktivitetin e perditshem?', '2024-04-15T00:00:00.000Z', 'Mesazhi eshte pranuar dhe eshte pergjigjur ne email', 'Sara Hoxha', 'sara.hoxha@outlook.com');
INSERT INTO [dbo].[ContactForm] ([MesazhiId], [UserId], [Mesazhi], [DataDergeses], [Statusi], [Emri], [Email]) VALUES (14, 5, 'Si perdoren lodrat inteligjente per argetimin e maceve?', '2024-03-18T00:00:00.000Z', 'Mesazhi juaj eshte derguar tek Stafi', 'Sara Hoxha', 'sara.hoxha@outlook.com');
INSERT INTO [dbo].[ContactForm] ([MesazhiId], [UserId], [Mesazhi], [DataDergeses], [Statusi], [Emri], [Email]) VALUES (15, 5, 'Si mund te permiresoj aktivitetin e maceve me pajisje speciale?', '2024-03-25T00:00:00.000Z', 'Mesazhi eshte pranuar dhe eshte pergjigjur ne email', 'Sara Hoxha', 'sara.hoxha@outlook.com');
INSERT INTO [dbo].[ContactForm] ([MesazhiId], [UserId], [Mesazhi], [DataDergeses], [Statusi], [Emri], [Email]) VALUES (16, 5, 'Si mund te ndihmoj qenin tim te qendroje aktiv me lodra interaktive?', '2024-04-07T00:00:00.000Z', 'Mesazhi juaj eshte derguar tek Stafi', 'Sara Hoxha', 'sara.hoxha@outlook.com');
INSERT INTO [dbo].[ContactForm] ([MesazhiId], [UserId], [Mesazhi], [DataDergeses], [Statusi], [Emri], [Email]) VALUES (17, 5, 'Cilat jane perfitimet e perdorimit te shtreterve ortopedike per qente?', '2024-03-14T00:00:00.000Z', 'Mesazhi juaj eshte derguar tek Stafi', 'Sara Hoxha', 'sara.hoxha@outlook.com');
INSERT INTO [dbo].[ContactForm] ([MesazhiId], [UserId], [Mesazhi], [DataDergeses], [Statusi], [Emri], [Email]) VALUES (18, 5, 'Si ndikon zgjedhja e ushqimit te shendetshem ne mireqenien e kafsheve?', '2024-04-29T00:00:00.000Z', 'Mesazhi eshte pranuar dhe eshte pergjigjur ne email', 'Sara Hoxha', 'sara.hoxha@outlook.com');
INSERT INTO [dbo].[ContactForm] ([MesazhiId], [UserId], [Mesazhi], [DataDergeses], [Statusi], [Emri], [Email]) VALUES (19, 5, 'Cilat jane perfitimet e zgjedhjes se ushqimit te fresket per kafshet shtepiake?', '2024-04-26T00:00:00.000Z', 'Mesazhi juaj eshte derguar tek Stafi', 'Sara Hoxha', 'sara.hoxha@outlook.com');
INSERT INTO [dbo].[ContactForm] ([MesazhiId], [UserId], [Mesazhi], [DataDergeses], [Statusi], [Emri], [Email]) VALUES (20, 5, 'Si mund te zgjedh produktet me te mira per kujdesin e maceve?', '2024-02-05T00:00:00.000Z', 'Mesazhi juaj eshte derguar tek Stafi', 'Sara Hoxha', 'sara.hoxha@outlook.com');
INSERT INTO [dbo].[ContactForm] ([MesazhiId], [UserId], [Mesazhi], [DataDergeses], [Statusi], [Emri], [Email]) VALUES (21, 6, 'Si mund te permiresoj shendetin e qenit tim me ushqime cilesore?', '2024-03-25T00:00:00.000Z', 'Mesazhi eshte pranuar dhe eshte pergjigjur ne email', 'Arian Krasniqi', 'arian.krasniqi@yahoo.com');
INSERT INTO [dbo].[ContactForm] ([MesazhiId], [UserId], [Mesazhi], [DataDergeses], [Statusi], [Emri], [Email]) VALUES (22, 6, 'Cilat jane produktet me te mira per stervitjen e qenve?', '2024-04-08T00:00:00.000Z', 'Mesazhi juaj eshte derguar tek Stafi', 'Arian Krasniqi', 'arian.krasniqi@yahoo.com');
INSERT INTO [dbo].[ContactForm] ([MesazhiId], [UserId], [Mesazhi], [DataDergeses], [Statusi], [Emri], [Email]) VALUES (23, 6, 'Cilat jane perfitimet e shtreterve te specializuar per qente?', '2024-02-13T00:00:00.000Z', 'Mesazhi juaj eshte derguar tek Stafi', 'Arian Krasniqi', 'arian.krasniqi@yahoo.com');
INSERT INTO [dbo].[ContactForm] ([MesazhiId], [UserId], [Mesazhi], [DataDergeses], [Statusi], [Emri], [Email]) VALUES (24, 6, 'Si ndikojne pajisjet automatike per ushqim ne mireqenien e kafsheve?', '2024-04-25T00:00:00.000Z', 'Mesazhi juaj eshte derguar tek Stafi', 'Arian Krasniqi', 'arian.krasniqi@yahoo.com');
INSERT INTO [dbo].[ContactForm] ([MesazhiId], [UserId], [Mesazhi], [DataDergeses], [Statusi], [Emri], [Email]) VALUES (25, 6, 'Cilat jane perfitimet e aktivitetit te rregullt per kafshet?', '2024-04-03T00:00:00.000Z', 'Mesazhi eshte pranuar dhe eshte pergjigjur ne email', 'Arian Krasniqi', 'arian.krasniqi@yahoo.com');
INSERT INTO [dbo].[ContactForm] ([MesazhiId], [UserId], [Mesazhi], [DataDergeses], [Statusi], [Emri], [Email]) VALUES (26, 6, 'Cilat jane lodrat me te mira per macet per te qendruar aktive?', '2024-05-12T00:00:00.000Z', 'Mesazhi eshte pranuar dhe eshte pergjigjur ne email', 'Arian Krasniqi', 'arian.krasniqi@yahoo.com');
SET IDENTITY_INSERT [dbo].[ContactForm] OFF;
SET IDENTITY_INSERT [dbo].[KategoriaProduktit] ON;
INSERT INTO [dbo].[KategoriaProduktit] ([KategoriaId], [LlojiKategoris], [PershkrimiKategoris], [isDeleted]) VALUES (1, 'Ushqime per Qene', '', 'false');
INSERT INTO [dbo].[KategoriaProduktit] ([KategoriaId], [LlojiKategoris], [PershkrimiKategoris], [isDeleted]) VALUES (2, 'Ushqime per Mace', '', 'false');
INSERT INTO [dbo].[KategoriaProduktit] ([KategoriaId], [LlojiKategoris], [PershkrimiKategoris], [isDeleted]) VALUES (3, 'Lodra per Qene dhe Mace', 'Lodra per argetimin e qenjve dhe maceve', 'false');
INSERT INTO [dbo].[KategoriaProduktit] ([KategoriaId], [LlojiKategoris], [PershkrimiKategoris], [isDeleted]) VALUES (4, 'Aksesore per Kujdesin e Kafsheve', '', 'false');
INSERT INTO [dbo].[KategoriaProduktit] ([KategoriaId], [LlojiKategoris], [PershkrimiKategoris], [isDeleted]) VALUES (5, 'Pajisje per Shetitje', '', 'false');
INSERT INTO [dbo].[KategoriaProduktit] ([KategoriaId], [LlojiKategoris], [PershkrimiKategoris], [isDeleted]) VALUES (6, 'Shtreter dhe Çanta per Kafshet', '', 'false');
INSERT INTO [dbo].[KategoriaProduktit] ([KategoriaId], [LlojiKategoris], [PershkrimiKategoris], [isDeleted]) VALUES (7, 'Pajisje per Higjienen e Kafsheve', '', 'false');
INSERT INTO [dbo].[KategoriaProduktit] ([KategoriaId], [LlojiKategoris], [PershkrimiKategoris], [isDeleted]) VALUES (8, 'Kafaze dhe Ene per Kafshe te Vogla', '', 'false');
INSERT INTO [dbo].[KategoriaProduktit] ([KategoriaId], [LlojiKategoris], [PershkrimiKategoris], [isDeleted]) VALUES (9, 'Pajisje per Trajnim dhe Aktivitet', '', 'false');
INSERT INTO [dbo].[KategoriaProduktit] ([KategoriaId], [LlojiKategoris], [PershkrimiKategoris], [isDeleted]) VALUES (10, 'Produktet per Shendetin e Kafsheve', 'Suplemente dhe produkte per mireqenien e kafsheve', 'false');
INSERT INTO [dbo].[KategoriaProduktit] ([KategoriaId], [LlojiKategoris], [PershkrimiKategoris], [isDeleted]) VALUES (11, 'Pjese dhe Aksesore per Pjese te Ndryshme', '', 'false');
INSERT INTO [dbo].[KategoriaProduktit] ([KategoriaId], [LlojiKategoris], [PershkrimiKategoris], [isDeleted]) VALUES (12, 'Çanta dhe Pajisje per Transportimin e Kafsheve', '', 'false');
INSERT INTO [dbo].[KategoriaProduktit] ([KategoriaId], [LlojiKategoris], [PershkrimiKategoris], [isDeleted]) VALUES (13, 'Pajisje dhe Lodra per Kafshet e Vogla', 'Lodra dhe pajisje per kafshe te vogla si minj, lepuj, etj.', 'false');
INSERT INTO [dbo].[KategoriaProduktit] ([KategoriaId], [LlojiKategoris], [PershkrimiKategoris], [isDeleted]) VALUES (14, 'Pajisje per Pjese te Ndryshme te Kafsheve', '', 'false');
INSERT INTO [dbo].[KategoriaProduktit] ([KategoriaId], [LlojiKategoris], [PershkrimiKategoris], [isDeleted]) VALUES (15, 'Produktet per Trajnim dhe Edukim', '', 'false');
INSERT INTO [dbo].[KategoriaProduktit] ([KategoriaId], [LlojiKategoris], [PershkrimiKategoris], [isDeleted]) VALUES (16, 'Lodra dhe Aksesore per Kafshe te Tjera', '', 'false');
INSERT INTO [dbo].[KategoriaProduktit] ([KategoriaId], [LlojiKategoris], [PershkrimiKategoris], [isDeleted]) VALUES (17, 'Lodra dhe Aksesore per Kafshe te Vogla', '', 'false');
INSERT INTO [dbo].[KategoriaProduktit] ([KategoriaId], [LlojiKategoris], [PershkrimiKategoris], [isDeleted]) VALUES (18, 'Aksesore per Shendet dhe Higjiene', '', 'false');
INSERT INTO [dbo].[KategoriaProduktit] ([KategoriaId], [LlojiKategoris], [PershkrimiKategoris], [isDeleted]) VALUES (19, 'Pajisje per Aktivitet dhe Argetim', '', 'false');
INSERT INTO [dbo].[KategoriaProduktit] ([KategoriaId], [LlojiKategoris], [PershkrimiKategoris], [isDeleted]) VALUES (20, 'Çanta dhe Aksesore per Shetitje', '', 'false');
SET IDENTITY_INSERT [dbo].[KategoriaProduktit] OFF;
INSERT INTO [dbo].[KodiZbritjes] ([Kodi], [DataKrijimit], [QmimiZbritjes], [ProduktiId], [isDeleted]) VALUES ('GV68HP', '2024-05-20T23:30:53.299Z', 15.3, NULL, 'false');
INSERT INTO [dbo].[KodiZbritjes] ([Kodi], [DataKrijimit], [QmimiZbritjes], [ProduktiId], [isDeleted]) VALUES ('JPZH8I', '2024-05-20T23:30:45.494Z', 13, NULL, 'false');
INSERT INTO [dbo].[KodiZbritjes] ([Kodi], [DataKrijimit], [QmimiZbritjes], [ProduktiId], [isDeleted]) VALUES ('Z173BW', '2024-05-20T23:30:33.366Z', 41, NULL, 'true');
SET IDENTITY_INSERT [dbo].[KompanitePartnere] ON;
INSERT INTO [dbo].[KompanitePartnere] ([KompaniaID], [EmriKompanis], [Adresa], [isDeleted]) VALUES (1, 'Royal Canin', '', 'false');
INSERT INTO [dbo].[KompanitePartnere] ([KompaniaID], [EmriKompanis], [Adresa], [isDeleted]) VALUES (2, 'Hill’s', '', 'false');
INSERT INTO [dbo].[KompanitePartnere] ([KompaniaID], [EmriKompanis], [Adresa], [isDeleted]) VALUES (3, 'Purina', '', 'false');
INSERT INTO [dbo].[KompanitePartnere] ([KompaniaID], [EmriKompanis], [Adresa], [isDeleted]) VALUES (4, 'Pedigree', '', 'false');
INSERT INTO [dbo].[KompanitePartnere] ([KompaniaID], [EmriKompanis], [Adresa], [isDeleted]) VALUES (5, 'Whiskas', '', 'false');
INSERT INTO [dbo].[KompanitePartnere] ([KompaniaID], [EmriKompanis], [Adresa], [isDeleted]) VALUES (6, 'Acana', '', 'false');
INSERT INTO [dbo].[KompanitePartnere] ([KompaniaID], [EmriKompanis], [Adresa], [isDeleted]) VALUES (7, 'Orijen', '', 'false');
INSERT INTO [dbo].[KompanitePartnere] ([KompaniaID], [EmriKompanis], [Adresa], [isDeleted]) VALUES (8, 'Taste of the Wild', '', 'false');
INSERT INTO [dbo].[KompanitePartnere] ([KompaniaID], [EmriKompanis], [Adresa], [isDeleted]) VALUES (9, 'Blue Buffalo', '', 'false');
INSERT INTO [dbo].[KompanitePartnere] ([KompaniaID], [EmriKompanis], [Adresa], [isDeleted]) VALUES (10, 'Merrick', '', 'false');
INSERT INTO [dbo].[KompanitePartnere] ([KompaniaID], [EmriKompanis], [Adresa], [isDeleted]) VALUES (11, 'Wellness', '', 'false');
INSERT INTO [dbo].[KompanitePartnere] ([KompaniaID], [EmriKompanis], [Adresa], [isDeleted]) VALUES (12, 'Nutrience', '', 'false');
INSERT INTO [dbo].[KompanitePartnere] ([KompaniaID], [EmriKompanis], [Adresa], [isDeleted]) VALUES (13, 'Eukanuba', '', 'false');
INSERT INTO [dbo].[KompanitePartnere] ([KompaniaID], [EmriKompanis], [Adresa], [isDeleted]) VALUES (14, 'Farmina', '', 'false');
INSERT INTO [dbo].[KompanitePartnere] ([KompaniaID], [EmriKompanis], [Adresa], [isDeleted]) VALUES (15, 'Ziwi', '', 'false');
INSERT INTO [dbo].[KompanitePartnere] ([KompaniaID], [EmriKompanis], [Adresa], [isDeleted]) VALUES (16, 'Petcurean', '', 'false');
INSERT INTO [dbo].[KompanitePartnere] ([KompaniaID], [EmriKompanis], [Adresa], [isDeleted]) VALUES (17, 'Hartz', '', 'false');
INSERT INTO [dbo].[KompanitePartnere] ([KompaniaID], [EmriKompanis], [Adresa], [isDeleted]) VALUES (18, 'PetSafe', '', 'false');
INSERT INTO [dbo].[KompanitePartnere] ([KompaniaID], [EmriKompanis], [Adresa], [isDeleted]) VALUES (19, 'Kong', '', 'false');
INSERT INTO [dbo].[KompanitePartnere] ([KompaniaID], [EmriKompanis], [Adresa], [isDeleted]) VALUES (20, 'Kurgo', '', 'false');
INSERT INTO [dbo].[KompanitePartnere] ([KompaniaID], [EmriKompanis], [Adresa], [isDeleted]) VALUES (21, 'Outward Hound', '', 'false');
INSERT INTO [dbo].[KompanitePartnere] ([KompaniaID], [EmriKompanis], [Adresa], [isDeleted]) VALUES (22, 'Trixie', '', 'false');
INSERT INTO [dbo].[KompanitePartnere] ([KompaniaID], [EmriKompanis], [Adresa], [isDeleted]) VALUES (23, 'PetFusion', '', 'false');
INSERT INTO [dbo].[KompanitePartnere] ([KompaniaID], [EmriKompanis], [Adresa], [isDeleted]) VALUES (24, 'Earthborn Holistic', '', 'false');
INSERT INTO [dbo].[KompanitePartnere] ([KompaniaID], [EmriKompanis], [Adresa], [isDeleted]) VALUES (25, 'Fromm', '', 'false');
INSERT INTO [dbo].[KompanitePartnere] ([KompaniaID], [EmriKompanis], [Adresa], [isDeleted]) VALUES (26, 'Nature’s Logic', '', 'false');
INSERT INTO [dbo].[KompanitePartnere] ([KompaniaID], [EmriKompanis], [Adresa], [isDeleted]) VALUES (27, 'Stella & Chewy’s', '', 'false');
INSERT INTO [dbo].[KompanitePartnere] ([KompaniaID], [EmriKompanis], [Adresa], [isDeleted]) VALUES (28, 'Canidae', '', 'false');
INSERT INTO [dbo].[KompanitePartnere] ([KompaniaID], [EmriKompanis], [Adresa], [isDeleted]) VALUES (29, 'Natural Balance', '', 'false');
INSERT INTO [dbo].[KompanitePartnere] ([KompaniaID], [EmriKompanis], [Adresa], [isDeleted]) VALUES (30, 'PetGuard', '', 'false');
INSERT INTO [dbo].[KompanitePartnere] ([KompaniaID], [EmriKompanis], [Adresa], [isDeleted]) VALUES (31, 'Primal Pet Foods', '', 'false');
SET IDENTITY_INSERT [dbo].[KompanitePartnere] OFF;
SET IDENTITY_INSERT [dbo].[Porosit] ON;
INSERT INTO [dbo].[Porosit] ([IdPorosia], [Totali18TVSH], [Totali8TVSH], [DataPorosis], [StatusiPorosis], [IdKlienti], [Zbritja], [TotaliProdukteve], [AdresaID], [LlojiPageses], [LlojiTransportit], [QmimiTransportit]) VALUES (1, 33.5, 0, '2024-03-30T21:45:31.482Z', 'E Pranuar nga Klienti', 1, 0, 1, 1, 'Stripe', 'Merre ne zyre', '0');
INSERT INTO [dbo].[Porosit] ([IdPorosia], [Totali18TVSH], [Totali8TVSH], [DataPorosis], [StatusiPorosis], [IdKlienti], [Zbritja], [TotaliProdukteve], [AdresaID], [LlojiPageses], [LlojiTransportit], [QmimiTransportit]) VALUES (2, 18.5, 0, '2024-04-02T03:10:20.995Z', 'E Pranuar nga Klienti', 1, 0, 1, 1, 'Cash', 'Merre ne zyre', '0');
INSERT INTO [dbo].[Porosit] ([IdPorosia], [Totali18TVSH], [Totali8TVSH], [DataPorosis], [StatusiPorosis], [IdKlienti], [Zbritja], [TotaliProdukteve], [AdresaID], [LlojiPageses], [LlojiTransportit], [QmimiTransportit]) VALUES (3, 19.5, 0, '2024-04-10T08:34:57.789Z', 'E Pranuar nga Klienti', 1, 0, 1, 1, 'Cash', 'Merre ne zyre', '0');
INSERT INTO [dbo].[Porosit] ([IdPorosia], [Totali18TVSH], [Totali8TVSH], [DataPorosis], [StatusiPorosis], [IdKlienti], [Zbritja], [TotaliProdukteve], [AdresaID], [LlojiPageses], [LlojiTransportit], [QmimiTransportit]) VALUES (4, 1613.5, 0, '2024-04-15T23:30:12.467Z', 'E Pranuar nga Klienti', 4, 41, 3, 4, 'Cash', 'Merre ne zyre', '0');
INSERT INTO [dbo].[Porosit] ([IdPorosia], [Totali18TVSH], [Totali8TVSH], [DataPorosis], [StatusiPorosis], [IdKlienti], [Zbritja], [TotaliProdukteve], [AdresaID], [LlojiPageses], [LlojiTransportit], [QmimiTransportit]) VALUES (5, 70, 0, '2024-04-20T12:15:42.567Z', 'E Pranuar nga Klienti', 4, 15.3, 2, 4, 'Cash', 'Merre ne zyre', '0');
INSERT INTO [dbo].[Porosit] ([IdPorosia], [Totali18TVSH], [Totali8TVSH], [DataPorosis], [StatusiPorosis], [IdKlienti], [Zbritja], [TotaliProdukteve], [AdresaID], [LlojiPageses], [LlojiTransportit], [QmimiTransportit]) VALUES (6, 176, 0, '2024-04-22T06:44:29.354Z', 'E Pranuar nga Klienti', 5, 41, 2, 5, 'Stripe', 'Merre ne zyre', '0');
INSERT INTO [dbo].[Porosit] ([IdPorosia], [Totali18TVSH], [Totali8TVSH], [DataPorosis], [StatusiPorosis], [IdKlienti], [Zbritja], [TotaliProdukteve], [AdresaID], [LlojiPageses], [LlojiTransportit], [QmimiTransportit]) VALUES (7, 1599.5, 0, '2024-04-28T14:58:19.879Z', 'E Pranuar nga Klienti', 5, 0, 1, 5, 'Cash', 'Merre ne zyre', '0');
INSERT INTO [dbo].[Porosit] ([IdPorosia], [Totali18TVSH], [Totali8TVSH], [DataPorosis], [StatusiPorosis], [IdKlienti], [Zbritja], [TotaliProdukteve], [AdresaID], [LlojiPageses], [LlojiTransportit], [QmimiTransportit]) VALUES (8, 144, 0, '2024-05-19T08:23:14.587Z', 'E Dorezuar Tek Postieri', 6, 0, 2, 6, 'Cash', 'Merre ne zyre', '0');
INSERT INTO [dbo].[Porosit] ([IdPorosia], [Totali18TVSH], [Totali8TVSH], [DataPorosis], [StatusiPorosis], [IdKlienti], [Zbritja], [TotaliProdukteve], [AdresaID], [LlojiPageses], [LlojiTransportit], [QmimiTransportit]) VALUES (9, 139.5, 0, '2024-05-19T17:36:22.499Z', 'E Dorezuar Tek Postieri', 6, 0, 1, 6, 'Stripe', 'Merre ne zyre', '0');
INSERT INTO [dbo].[Porosit] ([IdPorosia], [Totali18TVSH], [Totali8TVSH], [DataPorosis], [StatusiPorosis], [IdKlienti], [Zbritja], [TotaliProdukteve], [AdresaID], [LlojiPageses], [LlojiTransportit], [QmimiTransportit]) VALUES (10, 37, 0, '2024-05-20T12:15:09.341Z', 'E Pergaditur', 7, 13, 2, 7, 'Cash', 'Merre ne zyre', '0');
INSERT INTO [dbo].[Porosit] ([IdPorosia], [Totali18TVSH], [Totali8TVSH], [DataPorosis], [StatusiPorosis], [IdKlienti], [Zbritja], [TotaliProdukteve], [AdresaID], [LlojiPageses], [LlojiTransportit], [QmimiTransportit]) VALUES (11, 1547, 0, '2024-05-20T15:45:56.721Z', 'E Verifikuar', 8, 15.3, 2, 8, 'Stripe', 'Merre ne zyre', '0');
SET IDENTITY_INSERT [dbo].[Porosit] OFF;
SET IDENTITY_INSERT [dbo].[Produkti] ON;
INSERT INTO [dbo].[Produkti] ([ProduktiId], [EmriProduktit], [Pershkrimi], [FotoProduktit], [KompaniaId], [KategoriaId], [isDeleted]) 
VALUES (1, 'Kafaz per Macake, i madh', 'Ky kafaz eshte i bere nga materiale cilesore dhe eshte i pershtatshem per macake te medhenj. Ka dyer te sigurta dhe hapesire te bollshme per levizje.', 'b0062dbd32ae42bf99bb93a185278eca.webp', 11, 8, 'false');

INSERT INTO [dbo].[Produkti] ([ProduktiId], [EmriProduktit], [Pershkrimi], [FotoProduktit], [KompaniaId], [KategoriaId], [isDeleted]) 
VALUES (2, 'Kosh per Uje per Qene, 2L', 'Kosh per uje i bere nga plastike e qendrueshme, i pershtatshem per qen te vegjel dhe te mesem. Lehte per t’u pastruar dhe mbajtes i qendrueshem.', '275de475b1b44e05accc76b1a20ab2cf.jpg', 26, 14, 'false');

INSERT INTO [dbo].[Produkti] ([ProduktiId], [EmriProduktit], [Pershkrimi], [FotoProduktit], [KompaniaId], [KategoriaId], [isDeleted]) 
VALUES (3, 'Loder per Macake me Vale, e ngjyrosur', 'Loder e bere nga materiale te sigurt per macake, ndihmon ne stimulimin e aktivitetit fizik dhe shpirteror te macave. E ngjyrosur dhe e qendrueshme.', '1abacf1c860c40d181be49de9df99cd9.webp', 24, 3, 'false');

INSERT INTO [dbo].[Produkti] ([ProduktiId], [EmriProduktit], [Pershkrimi], [FotoProduktit], [KompaniaId], [KategoriaId], [isDeleted]) 
VALUES (4, 'Qese per Peshqit e Akvariumit', 'Qese e vecante per transportimin e peshqve te akvariumit, e bere nga plastike e forte dhe e sigurt per ambientin e ujit.', 'a143765f9c9a411cb7f95c5048f51dcf.jpg', 20, 12, 'false');

INSERT INTO [dbo].[Produkti] ([ProduktiId], [EmriProduktit], [Pershkrimi], [FotoProduktit], [KompaniaId], [KategoriaId], [isDeleted]) 
VALUES (5, 'Rrobat per Qene, e vogel', 'Rrobat e rehatshme per qen te vegjel, te bera nga materiale te buta dhe te qendrueshme. Te pershtatshme per cdo sezon.', '469832e6cf4d402e93802cadc33d0524.jpg', 18, 20, 'false');

INSERT INTO [dbo].[Produkti] ([ProduktiId], [EmriProduktit], [Pershkrimi], [FotoProduktit], [KompaniaId], [KategoriaId], [isDeleted]) 
VALUES (6, 'Tepihe per Kafshe, e rregullueshme', 'Tepiha e rregullueshme per kafshe, e pershtatshme per kuzhine ose per zonen e kujdesit. Ka nje siperfaqe te lehte per t’u pastruar dhe eshte e qendrueshme.', 'bc89c5e3781947538045b5ab52f6c6a5.webp', 19, 18, 'false');

INSERT INTO [dbo].[Produkti] ([ProduktiId], [EmriProduktit], [Pershkrimi], [FotoProduktit], [KompaniaId], [KategoriaId], [isDeleted]) 
VALUES (7, 'Loder e rregullueshme per Qene', 'Loder e rregullueshme e bere nga materiale te qendrueshme dhe te sigurta per qen. Ndihmon ne stimulimin e aktivitetit dhe argetimit.', 'd7dd79aa8f6443e586923bd633582341.jpg', 23, 3, 'false');

INSERT INTO [dbo].[Produkti] ([ProduktiId], [EmriProduktit], [Pershkrimi], [FotoProduktit], [KompaniaId], [KategoriaId], [isDeleted]) 
VALUES (8, 'Jastek per Macake, e vogel', 'Jastek i bute dhe e rehatshme per macake, e bere nga materiale te cilesise se larte dhe e pershtatshme per perdorim te perditshem.', 'a91ff026bac24f7ea72395a5d573cfe7.webp', 14, 4, 'false');

INSERT INTO [dbo].[Produkti] ([ProduktiId], [EmriProduktit], [Pershkrimi], [FotoProduktit], [KompaniaId], [KategoriaId], [isDeleted]) 
VALUES (9, 'Shkalle per Qene, e lehte', 'Shkalle e lehte dhe e qendrueshme per qen, e ndihmon kafshen te arrije ne vende te larta si divani apo krevat.', '5bfa592fd8b540dda85b91caac31f760.webp', 15, 11, 'false');

INSERT INTO [dbo].[Produkti] ([ProduktiId], [EmriProduktit], [Pershkrimi], [FotoProduktit], [KompaniaId], [KategoriaId], [isDeleted]) 
VALUES (10, 'Ushqim i plote per mace', 'Ushqim i pasur me proteina dhe vlera ushqyese per mace te rritura. Mban shendetin e pergjithshem te macese.', '7fe5368be7f640319209e214de6e4227.webp', 5, 2, 'false');

INSERT INTO [dbo].[Produkti] ([ProduktiId], [EmriProduktit], [Pershkrimi], [FotoProduktit], [KompaniaId], [KategoriaId], [isDeleted]) 
VALUES (11, 'Ushqim per kotele', 'Ushqim i veçante per kotele, i pasur me vitamina dhe minerale te nevojshme per rritje te shendetshme.', '552fc8a53c8843609581b09ecee9cc3c.avif', 3, 2, 'false');

INSERT INTO [dbo].[Produkti] ([ProduktiId], [EmriProduktit], [Pershkrimi], [FotoProduktit], [KompaniaId], [KategoriaId], [isDeleted]) 
VALUES (12, 'Ushqim i plote per qen te rritur', 'Ushqim i balancuar per qen te rritur, pasur me proteina dhe vlera ushqyese per energji dhe vitalitet.', 'bd6d55620a044981b8b810cd9eaaba87.avif', 4, 1, 'false');

INSERT INTO [dbo].[Produkti] ([ProduktiId], [EmriProduktit], [Pershkrimi], [FotoProduktit], [KompaniaId], [KategoriaId], [isDeleted]) 
VALUES (13, 'Ushqim per kelysh qen', 'Ushqim per kelysh qen, me perberes natyral per rritje dhe zhvillim optimal.', 'b26fb94408eb4d788560993a63b3f661.png', 6, 1, 'false');

SET IDENTITY_INSERT [dbo].[Produkti] OFF;
SET IDENTITY_INSERT [dbo].[Shporta] ON;
INSERT INTO [dbo].[Shporta] ([ShportaID], [PerdoruesiID], [TotaliProdukteveNeShporte], [DataEFunditEPerditesimit], [TotProd18TVSH], [TotProd8TVSH], [Totali18TVSH], [Totali8TVSH], [KodiZbritjesID], [AdresaPorosisID]) VALUES (4, 4, 1, '2024-05-20T23:40:13.195Z', 1, 0, 29.5, 0, 'NukKaZbritje', 4);
INSERT INTO [dbo].[Shporta] ([ShportaID], [PerdoruesiID], [TotaliProdukteveNeShporte], [DataEFunditEPerditesimit], [TotProd18TVSH], [TotProd8TVSH], [Totali18TVSH], [Totali8TVSH], [KodiZbritjesID], [AdresaPorosisID]) VALUES (5, 5, 1, '2024-05-20T23:42:15.580Z', 1, 0, 132.5, 0, 'NukKaZbritje', 5);
INSERT INTO [dbo].[Shporta] ([ShportaID], [PerdoruesiID], [TotaliProdukteveNeShporte], [DataEFunditEPerditesimit], [TotProd18TVSH], [TotProd8TVSH], [Totali18TVSH], [Totali8TVSH], [KodiZbritjesID], [AdresaPorosisID]) VALUES (6, 6, 0, '2024-05-20T23:43:51.021Z', 0, 0, 0, 0, 'NukKaZbritje', 6);
INSERT INTO [dbo].[Shporta] ([ShportaID], [PerdoruesiID], [TotaliProdukteveNeShporte], [DataEFunditEPerditesimit], [TotProd18TVSH], [TotProd8TVSH], [Totali18TVSH], [Totali8TVSH], [KodiZbritjesID], [AdresaPorosisID]) VALUES (7, 7, 1, '2024-05-20T23:45:10.482Z', 1, 0, 157.5, 0, 'NukKaZbritje', 7);
INSERT INTO [dbo].[Shporta] ([ShportaID], [PerdoruesiID], [TotaliProdukteveNeShporte], [DataEFunditEPerditesimit], [TotProd18TVSH], [TotProd8TVSH], [Totali18TVSH], [Totali8TVSH], [KodiZbritjesID], [AdresaPorosisID]) VALUES (8, 8, 0, '2024-05-20T23:46:48.146Z', 0, 0, 0, 0, 'NukKaZbritje', 8);
INSERT INTO [dbo].[Shporta] ([ShportaID], [PerdoruesiID], [TotaliProdukteveNeShporte], [DataEFunditEPerditesimit], [TotProd18TVSH], [TotProd8TVSH], [Totali18TVSH], [Totali8TVSH], [KodiZbritjesID], [AdresaPorosisID]) VALUES (9, 9, 3, '2024-05-20T23:49:23.459Z', 3, 0, 533.5, 0, 'JPZH8I', 9);
INSERT INTO [dbo].[Shporta] ([ShportaID], [PerdoruesiID], [TotaliProdukteveNeShporte], [DataEFunditEPerditesimit], [TotProd18TVSH], [TotProd8TVSH], [Totali18TVSH], [Totali8TVSH], [KodiZbritjesID], [AdresaPorosisID]) VALUES (10, 10, 0, '2024-05-20T23:19:24.379Z', 0, 0, 0, 0, 'NukKaZbritje', 10);
INSERT INTO [dbo].[Shporta] ([ShportaID], [PerdoruesiID], [TotaliProdukteveNeShporte], [DataEFunditEPerditesimit], [TotProd18TVSH], [TotProd8TVSH], [Totali18TVSH], [Totali8TVSH], [KodiZbritjesID], [AdresaPorosisID]) VALUES (11, 11, 0, '2024-05-20T23:20:12.578Z', 0, 0, 0, 0, 'NukKaZbritje', 11);
INSERT INTO [dbo].[Shporta] ([ShportaID], [PerdoruesiID], [TotaliProdukteveNeShporte], [DataEFunditEPerditesimit], [TotProd18TVSH], [TotProd8TVSH], [Totali18TVSH], [Totali8TVSH], [KodiZbritjesID], [AdresaPorosisID]) VALUES (12, 12, 0, '2024-05-20T23:21:05.803Z', 0, 0, 0, 0, 'NukKaZbritje', 12);
INSERT INTO [dbo].[Shporta] ([ShportaID], [PerdoruesiID], [TotaliProdukteveNeShporte], [DataEFunditEPerditesimit], [TotProd18TVSH], [TotProd8TVSH], [Totali18TVSH], [Totali8TVSH], [KodiZbritjesID], [AdresaPorosisID]) VALUES (13, 13, 0, '2024-05-20T23:22:15.396Z', 0, 0, 0, 0, 'NukKaZbritje', 13);
SET IDENTITY_INSERT [dbo].[Shporta] OFF;
SET IDENTITY_INSERT [dbo].[ListaEDeshirave] ON;
INSERT INTO [dbo].[ListaEDeshirave] ([ListaEDeshiraveID], [ProduktiID], [KlientiID], [DataKrijimit]) VALUES (1, 83, 4, '2024-05-20T23:40:06.907Z');
INSERT INTO [dbo].[ListaEDeshirave] ([ListaEDeshiraveID], [ProduktiID], [KlientiID], [DataKrijimit]) VALUES (2, 80, 4, '2024-05-20T23:40:09.010Z');
INSERT INTO [dbo].[ListaEDeshirave] ([ListaEDeshiraveID], [ProduktiID], [KlientiID], [DataKrijimit]) VALUES (3, 74, 5, '2024-05-20T23:41:48.906Z');
INSERT INTO [dbo].[ListaEDeshirave] ([ListaEDeshiraveID], [ProduktiID], [KlientiID], [DataKrijimit]) VALUES (4, 71, 5, '2024-05-20T23:41:51.151Z');
INSERT INTO [dbo].[ListaEDeshirave] ([ListaEDeshiraveID], [ProduktiID], [KlientiID], [DataKrijimit]) VALUES (5, 53, 6, '2024-05-20T23:43:06.209Z');
INSERT INTO [dbo].[ListaEDeshirave] ([ListaEDeshiraveID], [ProduktiID], [KlientiID], [DataKrijimit]) VALUES (6, 47, 6, '2024-05-20T23:43:20.371Z');
INSERT INTO [dbo].[ListaEDeshirave] ([ListaEDeshiraveID], [ProduktiID], [KlientiID], [DataKrijimit]) VALUES (7, 70, 7, '2024-05-20T23:45:05.566Z');
INSERT INTO [dbo].[ListaEDeshirave] ([ListaEDeshiraveID], [ProduktiID], [KlientiID], [DataKrijimit]) VALUES (8, 61, 8, '2024-05-20T23:45:57.523Z');
INSERT INTO [dbo].[ListaEDeshirave] ([ListaEDeshiraveID], [ProduktiID], [KlientiID], [DataKrijimit]) VALUES (9, 66, 9, '2024-05-20T23:47:28.954Z');
SET IDENTITY_INSERT [dbo].[ListaEDeshirave] OFF;
SET IDENTITY_INSERT [dbo].[SliderOfertat] ON;
INSERT INTO [dbo].[SliderOfertat] ([SliderOfertatID], [LinkuOfertes], [DataFillimitOfertes], [DataMbarimitOfertes], [FotoOferta], [isDeleted]) 
VALUES (1, '/produktet/kompania/Whiskas', '2024-05-21T00:00:00.000Z', '2024-08-20T00:00:00.000Z', 'e411337f821946b394e2244372e09057.png', 'false');

SET IDENTITY_INSERT [dbo].[SliderOfertat] OFF;
SET IDENTITY_INSERT [dbo].[TeDhenatEPorosis] ON;
INSERT INTO [dbo].[TeDhenatEPorosis] ([IdDetajet], [SasiaPorositur], [IdPorosia], [IdProdukti], [QmimiProduktit]) VALUES (1, 1, 1, 83, 33.5);
INSERT INTO [dbo].[TeDhenatEPorosis] ([IdDetajet], [SasiaPorositur], [IdPorosia], [IdProdukti], [QmimiProduktit]) VALUES (2, 1, 2, 82, 18.5);
INSERT INTO [dbo].[TeDhenatEPorosis] ([IdDetajet], [SasiaPorositur], [IdPorosia], [IdProdukti], [QmimiProduktit]) VALUES (3, 1, 3, 69, 19.5);
INSERT INTO [dbo].[TeDhenatEPorosis] ([IdDetajet], [SasiaPorositur], [IdPorosia], [IdProdukti], [QmimiProduktit]) VALUES (4, 1, 4, 78, 29.5);
INSERT INTO [dbo].[TeDhenatEPorosis] ([IdDetajet], [SasiaPorositur], [IdPorosia], [IdProdukti], [QmimiProduktit]) VALUES (5, 1, 4, 75, 4.5);
INSERT INTO [dbo].[TeDhenatEPorosis] ([IdDetajet], [SasiaPorositur], [IdPorosia], [IdProdukti], [QmimiProduktit]) VALUES (6, 1, 4, 23, 1579.5);
INSERT INTO [dbo].[TeDhenatEPorosis] ([IdDetajet], [SasiaPorositur], [IdPorosia], [IdProdukti], [QmimiProduktit]) VALUES (7, 1, 5, 79, 62.5);
INSERT INTO [dbo].[TeDhenatEPorosis] ([IdDetajet], [SasiaPorositur], [IdPorosia], [IdProdukti], [QmimiProduktit]) VALUES (8, 1, 5, 80, 7.5);
INSERT INTO [dbo].[TeDhenatEPorosis] ([IdDetajet], [SasiaPorositur], [IdPorosia], [IdProdukti], [QmimiProduktit]) VALUES (9, 1, 6, 59, 11.5);
INSERT INTO [dbo].[TeDhenatEPorosis] ([IdDetajet], [SasiaPorositur], [IdPorosia], [IdProdukti], [QmimiProduktit]) VALUES (10, 1, 6, 70, 164.5);
INSERT INTO [dbo].[TeDhenatEPorosis] ([IdDetajet], [SasiaPorositur], [IdPorosia], [IdProdukti], [QmimiProduktit]) VALUES (11, 1, 7, 64, 1599.5);
INSERT INTO [dbo].[TeDhenatEPorosis] ([IdDetajet], [SasiaPorositur], [IdPorosia], [IdProdukti], [QmimiProduktit]) VALUES (12, 1, 8, 67, 32.5);
INSERT INTO [dbo].[TeDhenatEPorosis] ([IdDetajet], [SasiaPorositur], [IdPorosia], [IdProdukti], [QmimiProduktit]) VALUES (13, 1, 8, 40, 111.5);
INSERT INTO [dbo].[TeDhenatEPorosis] ([IdDetajet], [SasiaPorositur], [IdPorosia], [IdProdukti], [QmimiProduktit]) VALUES (14, 1, 9, 37, 139.5);
INSERT INTO [dbo].[TeDhenatEPorosis] ([IdDetajet], [SasiaPorositur], [IdPorosia], [IdProdukti], [QmimiProduktit]) VALUES (15, 1, 10, 16, 17.5);
INSERT INTO [dbo].[TeDhenatEPorosis] ([IdDetajet], [SasiaPorositur], [IdPorosia], [IdProdukti], [QmimiProduktit]) VALUES (16, 1, 10, 76, 19.5);
INSERT INTO [dbo].[TeDhenatEPorosis] ([IdDetajet], [SasiaPorositur], [IdPorosia], [IdProdukti], [QmimiProduktit]) VALUES (17, 1, 11, 63, 27.5);
INSERT INTO [dbo].[TeDhenatEPorosis] ([IdDetajet], [SasiaPorositur], [IdPorosia], [IdProdukti], [QmimiProduktit]) VALUES (18, 1, 11, 3, 1519.5);
SET IDENTITY_INSERT [dbo].[TeDhenatEPorosis] OFF;
SET IDENTITY_INSERT [dbo].[TeDhenatProduktit] ON;
INSERT INTO [dbo].[TeDhenatProduktit] ([TeDhenatProduktitID], [ProduktiId], [SasiaNeStok], [QmimiBleres], [QmimiProduktit], [DataKrijimit], [DataPerditsimit], [llojiTVSH]) VALUES (1, 1, 24, 879, 1064.5, '1900-01-01T00:00:00.000Z', '2024-05-19T19:57:16.872Z', 18);
INSERT INTO [dbo].[TeDhenatProduktit] ([TeDhenatProduktitID], [ProduktiId], [SasiaNeStok], [QmimiBleres], [QmimiProduktit], [DataKrijimit], [DataPerditsimit], [llojiTVSH]) VALUES (2, 2, 24, 1994, 2966.68, '1900-01-01T00:00:00.000Z', '2024-05-19T19:59:58.949Z', 18);
INSERT INTO [dbo].[TeDhenatProduktit] ([TeDhenatProduktitID], [ProduktiId], [SasiaNeStok], [QmimiBleres], [QmimiProduktit], [DataKrijimit], [DataPerditsimit], [llojiTVSH]) VALUES (3, 3, 47, 1109.24, 1519.5, '1900-01-01T00:00:00.000Z', '2024-05-20T23:46:48.144Z', 18);
INSERT INTO [dbo].[TeDhenatProduktit] ([TeDhenatProduktitID], [ProduktiId], [SasiaNeStok], [QmimiBleres], [QmimiProduktit], [DataKrijimit], [DataPerditsimit], [llojiTVSH]) VALUES (4, 4, 93, 320.13, 492.5, '1900-01-01T00:00:00.000Z', '2024-05-19T20:10:06.093Z', 18);
INSERT INTO [dbo].[TeDhenatProduktit] ([TeDhenatProduktitID], [ProduktiId], [SasiaNeStok], [QmimiBleres], [QmimiProduktit], [DataKrijimit], [DataPerditsimit], [llojiTVSH]) VALUES (5, 5, 19, 1352.2, 1904.5, '1900-01-01T00:00:00.000Z', '2024-05-19T20:11:45.715Z', 18);
INSERT INTO [dbo].[TeDhenatProduktit] ([TeDhenatProduktitID], [ProduktiId], [SasiaNeStok], [QmimiBleres], [QmimiProduktit], [DataKrijimit], [DataPerditsimit], [llojiTVSH]) VALUES (6, 6, 27, 17.86, 23.5, '1900-01-01T00:00:00.000Z', '2024-05-19T20:13:53.982Z', 18);
INSERT INTO [dbo].[TeDhenatProduktit] ([TeDhenatProduktitID], [ProduktiId], [SasiaNeStok], [QmimiBleres], [QmimiProduktit], [DataKrijimit], [DataPerditsimit], [llojiTVSH]) VALUES (7, 7, 93, 44.46, 58.5, '1900-01-01T00:00:00.000Z', '2024-05-20T00:27:39.580Z', 18);
INSERT INTO [dbo].[TeDhenatProduktit] ([TeDhenatProduktitID], [ProduktiId], [SasiaNeStok], [QmimiBleres], [QmimiProduktit], [DataKrijimit], [DataPerditsimit], [llojiTVSH]) VALUES (8, 8, 48, 1635.1, 2123.5, '1900-01-01T00:00:00.000Z', '2024-05-20T00:29:22.419Z', 18);
INSERT INTO [dbo].[TeDhenatProduktit] ([TeDhenatProduktitID], [ProduktiId], [SasiaNeStok], [QmimiBleres], [QmimiProduktit], [DataKrijimit], [DataPerditsimit], [llojiTVSH]) VALUES (9, 9, 48, 268.11, 348.19, '1900-01-01T00:00:00.000Z', '2024-05-20T00:30:44.669Z', 18);
INSERT INTO [dbo].[TeDhenatProduktit] ([TeDhenatProduktitID], [ProduktiId], [SasiaNeStok], [QmimiBleres], [QmimiProduktit], [DataKrijimit], [DataPerditsimit], [llojiTVSH]) VALUES (10, 10, 65, 177.67, 265.18, '1900-01-01T00:00:00.000Z', '2024-05-20T00:34:57.282Z', 18);
INSERT INTO [dbo].[TeDhenatProduktit] ([TeDhenatProduktitID], [ProduktiId], [SasiaNeStok], [QmimiBleres], [QmimiProduktit], [DataKrijimit], [DataPerditsimit], [llojiTVSH]) VALUES (11, 11, 20, 128.58, 210.79, '1900-01-01T00:00:00.000Z', '2024-05-20T14:08:15.258Z', 18);
INSERT INTO [dbo].[TeDhenatProduktit] ([TeDhenatProduktitID], [ProduktiId], [SasiaNeStok], [QmimiBleres], [QmimiProduktit], [DataKrijimit], [DataPerditsimit], [llojiTVSH]) VALUES (12, 12, 49, 11.84, 18.5, '1900-01-01T00:00:00.000Z', '2024-05-20T14:07:41.385Z', 18);
INSERT INTO [dbo].[TeDhenatProduktit] ([TeDhenatProduktitID], [ProduktiId], [SasiaNeStok], [QmimiBleres], [QmimiProduktit], [DataKrijimit], [DataPerditsimit], [llojiTVSH]) VALUES (13, 13, 78, 21.72, 34.47, '1900-01-01T00:00:00.000Z', '2024-05-20T14:06:58.073Z', 18);
INSERT INTO [dbo].[TeDhenatProduktit] ([TeDhenatProduktitID], [ProduktiId], [SasiaNeStok], [QmimiBleres], [QmimiProduktit], [DataKrijimit], [DataPerditsimit], [llojiTVSH]) VALUES (14, 14, 50, 37.19, 55.5, '1900-01-01T00:00:00.000Z', '2024-05-20T14:05:49.991Z', 18);
INSERT INTO [dbo].[TeDhenatProduktit] ([TeDhenatProduktitID], [ProduktiId], [SasiaNeStok], [QmimiBleres], [QmimiProduktit], [DataKrijimit], [DataPerditsimit], [llojiTVSH]) VALUES (15, 15, 23, 82.08, 122.5, '1900-01-01T00:00:00.000Z', '2024-05-20T14:03:53.451Z', 18);
INSERT INTO [dbo].[TeDhenatProduktit] ([TeDhenatProduktitID], [ProduktiId], [SasiaNeStok], [QmimiBleres], [QmimiProduktit], [DataKrijimit], [DataPerditsimit], [llojiTVSH]) VALUES (16, 16, 45, 12.07, 17.5, '1900-01-01T00:00:00.000Z', '2024-05-20T23:44:56.377Z', 18);
INSERT INTO [dbo].[TeDhenatProduktit] ([TeDhenatProduktitID], [ProduktiId], [SasiaNeStok], [QmimiBleres], [QmimiProduktit], [DataKrijimit], [DataPerditsimit], [llojiTVSH]) VALUES (17, 17, 147, 33.66, 49.5, '1900-01-01T00:00:00.000Z', '2024-05-20T14:02:20.919Z', 18);
INSERT INTO [dbo].[TeDhenatProduktit] ([TeDhenatProduktitID], [ProduktiId], [SasiaNeStok], [QmimiBleres], [QmimiProduktit], [DataKrijimit], [DataPerditsimit], [llojiTVSH]) VALUES (18, 18, 125, 7.22, 9.5, '1900-01-01T00:00:00.000Z', '2024-05-20T14:01:09.964Z', 18);
INSERT INTO [dbo].[TeDhenatProduktit] ([TeDhenatProduktitID], [ProduktiId], [SasiaNeStok], [QmimiBleres], [QmimiProduktit], [DataKrijimit], [DataPerditsimit], [llojiTVSH]) VALUES (19, 19, 195, 38.75, 61.5, '1900-01-01T00:00:00.000Z', '2024-05-20T13:59:59.758Z', 18);
INSERT INTO [dbo].[TeDhenatProduktit] ([TeDhenatProduktitID], [ProduktiId], [SasiaNeStok], [QmimiBleres], [QmimiProduktit], [DataKrijimit], [DataPerditsimit], [llojiTVSH]) VALUES (20, 20, 238, 590.63, 787.5, '1900-01-01T00:00:00.000Z', '2024-05-20T13:58:40.994Z', 18);
INSERT INTO [dbo].[TeDhenatProduktit] ([TeDhenatProduktitID], [ProduktiId], [SasiaNeStok], [QmimiBleres], [QmimiProduktit], [DataKrijimit], [DataPerditsimit], [llojiTVSH]) VALUES (21, 21, 44, 921.55, 1316.5, '1900-01-01T00:00:00.000Z', '2024-05-20T13:57:29.347Z', 18);
INSERT INTO [dbo].[TeDhenatProduktit] ([TeDhenatProduktitID], [ProduktiId], [SasiaNeStok], [QmimiBleres], [QmimiProduktit], [DataKrijimit], [DataPerditsimit], [llojiTVSH]) VALUES (22, 22, 188, 2330.57, 3282.5, '1900-01-01T00:00:00.000Z', '2024-05-20T13:56:24.394Z', 18);
INSERT INTO [dbo].[TeDhenatProduktit] ([TeDhenatProduktitID], [ProduktiId], [SasiaNeStok], [QmimiBleres], [QmimiProduktit], [DataKrijimit], [DataPerditsimit], [llojiTVSH]) VALUES (23, 23, 72, 1042.47, 1579.5, '1900-01-01T00:00:00.000Z', '2024-05-20T23:31:02.035Z', 18);
INSERT INTO [dbo].[TeDhenatProduktit] ([TeDhenatProduktitID], [ProduktiId], [SasiaNeStok], [QmimiBleres], [QmimiProduktit], [DataKrijimit], [DataPerditsimit], [llojiTVSH]) VALUES (24, 24, 190, 443.61, 715.5, '1900-01-01T00:00:00.000Z', '2024-05-20T13:52:39.692Z', 18);
INSERT INTO [dbo].[TeDhenatProduktit] ([TeDhenatProduktitID], [ProduktiId], [SasiaNeStok], [QmimiBleres], [QmimiProduktit], [DataKrijimit], [DataPerditsimit], [llojiTVSH]) VALUES (25, 25, 165, 70.29, 106.5, '1900-01-01T00:00:00.000Z', '2024-05-20T13:50:20.610Z', 18);
INSERT INTO [dbo].[TeDhenatProduktit] ([TeDhenatProduktitID], [ProduktiId], [SasiaNeStok], [QmimiBleres], [QmimiProduktit], [DataKrijimit], [DataPerditsimit], [llojiTVSH]) VALUES (26, 26, 90, 15.02, 19.5, '1900-01-01T00:00:00.000Z', '2024-05-20T13:49:26.761Z', 18);
INSERT INTO [dbo].[TeDhenatProduktit] ([TeDhenatProduktitID], [ProduktiId], [SasiaNeStok], [QmimiBleres], [QmimiProduktit], [DataKrijimit], [DataPerditsimit], [llojiTVSH]) VALUES (27, 27, 185, 2243.67, 3399.5, '1900-01-01T00:00:00.000Z', '2024-05-20T13:48:25.522Z', 18);
INSERT INTO [dbo].[TeDhenatProduktit] ([TeDhenatProduktitID], [ProduktiId], [SasiaNeStok], [QmimiBleres], [QmimiProduktit], [DataKrijimit], [DataPerditsimit], [llojiTVSH]) VALUES (28, 28, 46, 74.91, 113.5, '1900-01-01T00:00:00.000Z', '2024-05-20T13:45:18.023Z', 18);
INSERT INTO [dbo].[TeDhenatProduktit] ([TeDhenatProduktitID], [ProduktiId], [SasiaNeStok], [QmimiBleres], [QmimiProduktit], [DataKrijimit], [DataPerditsimit], [llojiTVSH]) VALUES (29, 29, 111, 51.74, 65.5, '1900-01-01T00:00:00.000Z', '2024-05-20T13:44:09.208Z', 18);
INSERT INTO [dbo].[TeDhenatProduktit] ([TeDhenatProduktitID], [ProduktiId], [SasiaNeStok], [QmimiBleres], [QmimiProduktit], [DataKrijimit], [DataPerditsimit], [llojiTVSH]) VALUES (30, 30, 27, 63.13, 103.5, '1900-01-01T00:00:00.000Z', '2024-05-20T13:43:14.188Z', 18);
INSERT INTO [dbo].[TeDhenatProduktit] ([TeDhenatProduktitID], [ProduktiId], [SasiaNeStok], [QmimiBleres], [QmimiProduktit], [DataKrijimit], [DataPerditsimit], [llojiTVSH]) VALUES (31, 31, 146, 58.27, 92.5, '1900-01-01T00:00:00.000Z', '2024-05-20T13:42:29.016Z', 18);
INSERT INTO [dbo].[TeDhenatProduktit] ([TeDhenatProduktitID], [ProduktiId], [SasiaNeStok], [QmimiBleres], [QmimiProduktit], [DataKrijimit], [DataPerditsimit], [llojiTVSH]) VALUES (32, 32, 129, 2099.65, 2999.5, '1900-01-01T00:00:00.000Z', '2024-05-20T13:41:37.919Z', 18);
INSERT INTO [dbo].[TeDhenatProduktit] ([TeDhenatProduktitID], [ProduktiId], [SasiaNeStok], [QmimiBleres], [QmimiProduktit], [DataKrijimit], [DataPerditsimit], [llojiTVSH]) VALUES (33, 33, 70, 430.92, 598.5, '1900-01-01T00:00:00.000Z', '2024-05-20T13:40:37.830Z', 18);
INSERT INTO [dbo].[TeDhenatProduktit] ([TeDhenatProduktitID], [ProduktiId], [SasiaNeStok], [QmimiBleres], [QmimiProduktit], [DataKrijimit], [DataPerditsimit], [llojiTVSH]) VALUES (34, 34, 27, 104.67, 132.5, '1900-01-01T00:00:00.000Z', '2024-05-20T13:39:50.701Z', 18);
INSERT INTO [dbo].[TeDhenatProduktit] ([TeDhenatProduktitID], [ProduktiId], [SasiaNeStok], [QmimiBleres], [QmimiProduktit], [DataKrijimit], [DataPerditsimit], [llojiTVSH]) VALUES (35, 35, 35, 237.66, 349.5, '1900-01-01T00:00:00.000Z', '2024-05-20T13:38:49.016Z', 18);
INSERT INTO [dbo].[TeDhenatProduktit] ([TeDhenatProduktitID], [ProduktiId], [SasiaNeStok], [QmimiBleres], [QmimiProduktit], [DataKrijimit], [DataPerditsimit], [llojiTVSH]) VALUES (36, 36, 79, 639.68, 999.5, '1900-01-01T00:00:00.000Z', '2024-05-20T13:37:21.132Z', 18);
INSERT INTO [dbo].[TeDhenatProduktit] ([TeDhenatProduktitID], [ProduktiId], [SasiaNeStok], [QmimiBleres], [QmimiProduktit], [DataKrijimit], [DataPerditsimit], [llojiTVSH]) VALUES (37, 37, 136, 110.2, 139.5, '1900-01-01T00:00:00.000Z', '2024-05-20T23:43:51.012Z', 18);
INSERT INTO [dbo].[TeDhenatProduktit] ([TeDhenatProduktitID], [ProduktiId], [SasiaNeStok], [QmimiBleres], [QmimiProduktit], [DataKrijimit], [DataPerditsimit], [llojiTVSH]) VALUES (38, 38, 150, 94.5, 157.5, '1900-01-01T00:00:00.000Z', '2024-05-20T13:35:00.816Z', 18);
INSERT INTO [dbo].[TeDhenatProduktit] ([TeDhenatProduktitID], [ProduktiId], [SasiaNeStok], [QmimiBleres], [QmimiProduktit], [DataKrijimit], [DataPerditsimit], [llojiTVSH]) VALUES (39, 39, 218, 98.52, 161.5, '1900-01-01T00:00:00.000Z', '2024-05-20T01:29:04.543Z', 18);
INSERT INTO [dbo].[TeDhenatProduktit] ([TeDhenatProduktitID], [ProduktiId], [SasiaNeStok], [QmimiBleres], [QmimiProduktit], [DataKrijimit], [DataPerditsimit], [llojiTVSH]) VALUES (40, 40, 72, 70.25, 111.5, '1900-01-01T00:00:00.000Z', '2024-05-20T23:43:13.400Z', 18);
INSERT INTO [dbo].[TeDhenatProduktit] ([TeDhenatProduktitID], [ProduktiId], [SasiaNeStok], [QmimiBleres], [QmimiProduktit], [DataKrijimit], [DataPerditsimit], [llojiTVSH]) VALUES (41, 41, 28, 118.66, 169.51, '1900-01-01T00:00:00.000Z', '2024-05-20T01:26:32.211Z', 18);
INSERT INTO [dbo].[TeDhenatProduktit] ([TeDhenatProduktitID], [ProduktiId], [SasiaNeStok], [QmimiBleres], [QmimiProduktit], [DataKrijimit], [DataPerditsimit], [llojiTVSH]) VALUES (42, 42, 17, 82.72, 110.3, '1900-01-01T00:00:00.000Z', '2024-05-20T01:25:41.943Z', 18);
INSERT INTO [dbo].[TeDhenatProduktit] ([TeDhenatProduktitID], [ProduktiId], [SasiaNeStok], [QmimiBleres], [QmimiProduktit], [DataKrijimit], [DataPerditsimit], [llojiTVSH]) VALUES (43, 43, 208, 442.69, 623.5, '1900-01-01T00:00:00.000Z', '2024-05-20T01:24:52.758Z', 18);
INSERT INTO [dbo].[TeDhenatProduktit] ([TeDhenatProduktitID], [ProduktiId], [SasiaNeStok], [QmimiBleres], [QmimiProduktit], [DataKrijimit], [DataPerditsimit], [llojiTVSH]) VALUES (44, 44, 187, 36.9, 61.5, '1900-01-01T00:00:00.000Z', '2024-05-20T01:23:56.468Z', 18);
INSERT INTO [dbo].[TeDhenatProduktit] ([TeDhenatProduktitID], [ProduktiId], [SasiaNeStok], [QmimiBleres], [QmimiProduktit], [DataKrijimit], [DataPerditsimit], [llojiTVSH]) VALUES (45, 45, 11, 172.13, 229.5, '1900-01-01T00:00:00.000Z', '2024-05-20T01:22:51.266Z', 18);
INSERT INTO [dbo].[TeDhenatProduktit] ([TeDhenatProduktitID], [ProduktiId], [SasiaNeStok], [QmimiBleres], [QmimiProduktit], [DataKrijimit], [DataPerditsimit], [llojiTVSH]) VALUES (46, 46, 35, 118.8, 148.5, '1900-01-01T00:00:00.000Z', '2024-05-20T01:21:55.388Z', 18);
INSERT INTO [dbo].[TeDhenatProduktit] ([TeDhenatProduktitID], [ProduktiId], [SasiaNeStok], [QmimiBleres], [QmimiProduktit], [DataKrijimit], [DataPerditsimit], [llojiTVSH]) VALUES (47, 47, 230, 105.44, 148.5, '1900-01-01T00:00:00.000Z', '2024-05-20T01:20:50.099Z', 18);
INSERT INTO [dbo].[TeDhenatProduktit] ([TeDhenatProduktitID], [ProduktiId], [SasiaNeStok], [QmimiBleres], [QmimiProduktit], [DataKrijimit], [DataPerditsimit], [llojiTVSH]) VALUES (48, 48, 75, 49.34, 69.5, '1900-01-01T00:00:00.000Z', '2024-05-20T01:19:30.529Z', 18);
INSERT INTO [dbo].[TeDhenatProduktit] ([TeDhenatProduktitID], [ProduktiId], [SasiaNeStok], [QmimiBleres], [QmimiProduktit], [DataKrijimit], [DataPerditsimit], [llojiTVSH]) VALUES (49, 49, 45, 14.19, 21.5, '1900-01-01T00:00:00.000Z', '2024-05-20T01:18:30.582Z', 18);
INSERT INTO [dbo].[TeDhenatProduktit] ([TeDhenatProduktitID], [ProduktiId], [SasiaNeStok], [QmimiBleres], [QmimiProduktit], [DataKrijimit], [DataPerditsimit], [llojiTVSH]) VALUES (50, 50, 11, 89.3, 117.5, '1900-01-01T00:00:00.000Z', '2024-05-20T01:17:09.908Z', 18);
INSERT INTO [dbo].[TeDhenatProduktit] ([TeDhenatProduktitID], [ProduktiId], [SasiaNeStok], [QmimiBleres], [QmimiProduktit], [DataKrijimit], [DataPerditsimit], [llojiTVSH]) VALUES (51, 51, 235, 12.58, 18.5, '1900-01-01T00:00:00.000Z', '2024-05-20T01:16:20.010Z', 18);
INSERT INTO [dbo].[TeDhenatProduktit] ([TeDhenatProduktitID], [ProduktiId], [SasiaNeStok], [QmimiBleres], [QmimiProduktit], [DataKrijimit], [DataPerditsimit], [llojiTVSH]) VALUES (52, 52, 125, 20.95, 29.5, '1900-01-01T00:00:00.000Z', '2024-05-20T01:15:19.336Z', 18);
INSERT INTO [dbo].[TeDhenatProduktit] ([TeDhenatProduktitID], [ProduktiId], [SasiaNeStok], [QmimiBleres], [QmimiProduktit], [DataKrijimit], [DataPerditsimit], [llojiTVSH]) VALUES (53, 53, 160, 39.86, 59.5, '1900-01-01T00:00:00.000Z', '2024-05-20T01:14:16.906Z', 18);
INSERT INTO [dbo].[TeDhenatProduktit] ([TeDhenatProduktitID], [ProduktiId], [SasiaNeStok], [QmimiBleres], [QmimiProduktit], [DataKrijimit], [DataPerditsimit], [llojiTVSH]) VALUES (54, 54, 222, 37.48, 59.5, '1900-01-01T00:00:00.000Z', '2024-05-20T01:13:48.080Z', 18);
INSERT INTO [dbo].[TeDhenatProduktit] ([TeDhenatProduktitID], [ProduktiId], [SasiaNeStok], [QmimiBleres], [QmimiProduktit], [DataKrijimit], [DataPerditsimit], [llojiTVSH]) VALUES (55, 55, 29, 23.45, 33.5, '1900-01-01T00:00:00.000Z', '2024-05-20T01:12:46.967Z', 18);
INSERT INTO [dbo].[TeDhenatProduktit] ([TeDhenatProduktitID], [ProduktiId], [SasiaNeStok], [QmimiBleres], [QmimiProduktit], [DataKrijimit], [DataPerditsimit], [llojiTVSH]) VALUES (56, 56, 30, 12.77, 18.5, '1900-01-01T00:00:00.000Z', '2024-05-20T01:11:38.652Z', 18);
INSERT INTO [dbo].[TeDhenatProduktit] ([TeDhenatProduktitID], [ProduktiId], [SasiaNeStok], [QmimiBleres], [QmimiProduktit], [DataKrijimit], [DataPerditsimit], [llojiTVSH]) VALUES (57, 57, 115, 290.52, 403.5, '1900-01-01T00:00:00.000Z', '2024-05-20T01:11:01.343Z', 18);
INSERT INTO [dbo].[TeDhenatProduktit] ([TeDhenatProduktitID], [ProduktiId], [SasiaNeStok], [QmimiBleres], [QmimiProduktit], [DataKrijimit], [DataPerditsimit], [llojiTVSH]) VALUES (58, 58, 109, 1067.68, 1351.5, '1900-01-01T00:00:00.000Z', '2024-05-20T01:10:23.823Z', 18);
INSERT INTO [dbo].[TeDhenatProduktit] ([TeDhenatProduktitID], [ProduktiId], [SasiaNeStok], [QmimiBleres], [QmimiProduktit], [DataKrijimit], [DataPerditsimit], [llojiTVSH]) VALUES (59, 59, 60, 8.28, 11.5, '1900-01-01T00:00:00.000Z', '2024-05-20T23:41:40.270Z', 18);
INSERT INTO [dbo].[TeDhenatProduktit] ([TeDhenatProduktitID], [ProduktiId], [SasiaNeStok], [QmimiBleres], [QmimiProduktit], [DataKrijimit], [DataPerditsimit], [llojiTVSH]) VALUES (60, 60, 133, 841.7, 1185.5, '1900-01-01T00:00:00.000Z', '2024-05-20T01:08:30.441Z', 18);
INSERT INTO [dbo].[TeDhenatProduktit] ([TeDhenatProduktitID], [ProduktiId], [SasiaNeStok], [QmimiBleres], [QmimiProduktit], [DataKrijimit], [DataPerditsimit], [llojiTVSH]) VALUES (61, 61, 148, 59.67, 76.5, '1900-01-01T00:00:00.000Z', '2024-05-20T01:07:03.964Z', 18);
INSERT INTO [dbo].[TeDhenatProduktit] ([TeDhenatProduktitID], [ProduktiId], [SasiaNeStok], [QmimiBleres], [QmimiProduktit], [DataKrijimit], [DataPerditsimit], [llojiTVSH]) VALUES (62, 62, 91, 327.21, 419.5, '1900-01-01T00:00:00.000Z', '2024-05-20T01:05:53.247Z', 18);
INSERT INTO [dbo].[TeDhenatProduktit] ([TeDhenatProduktitID], [ProduktiId], [SasiaNeStok], [QmimiBleres], [QmimiProduktit], [DataKrijimit], [DataPerditsimit], [llojiTVSH]) VALUES (63, 63, 10, 17.32, 27.5, '1900-01-01T00:00:00.000Z', '2024-05-20T23:46:48.135Z', 18);
INSERT INTO [dbo].[TeDhenatProduktit] ([TeDhenatProduktitID], [ProduktiId], [SasiaNeStok], [QmimiBleres], [QmimiProduktit], [DataKrijimit], [DataPerditsimit], [llojiTVSH]) VALUES (64, 64, 215, 1263.61, 1599.5, '1900-01-01T00:00:00.000Z', '2024-05-20T23:42:07.031Z', 18);
INSERT INTO [dbo].[TeDhenatProduktit] ([TeDhenatProduktitID], [ProduktiId], [SasiaNeStok], [QmimiBleres], [QmimiProduktit], [DataKrijimit], [DataPerditsimit], [llojiTVSH]) VALUES (65, 65, 240, 238.31, 309.5, '1900-01-01T00:00:00.000Z', '2024-05-20T01:01:40.044Z', 18);
INSERT INTO [dbo].[TeDhenatProduktit] ([TeDhenatProduktitID], [ProduktiId], [SasiaNeStok], [QmimiBleres], [QmimiProduktit], [DataKrijimit], [DataPerditsimit], [llojiTVSH]) VALUES (66, 66, 135, 244.44, 339.5, '1900-01-01T00:00:00.000Z', '2024-05-20T01:00:26.516Z', 18);
INSERT INTO [dbo].[TeDhenatProduktit] ([TeDhenatProduktitID], [ProduktiId], [SasiaNeStok], [QmimiBleres], [QmimiProduktit], [DataKrijimit], [DataPerditsimit], [llojiTVSH]) VALUES (67, 67, 202, 19.5, 32.5, '1900-01-01T00:00:00.000Z', '2024-05-20T23:50:12.435Z', 18);
INSERT INTO [dbo].[TeDhenatProduktit] ([TeDhenatProduktitID], [ProduktiId], [SasiaNeStok], [QmimiBleres], [QmimiProduktit], [DataKrijimit], [DataPerditsimit], [llojiTVSH]) VALUES (68, 68, 34, 254.53, 358.5, '1900-01-01T00:00:00.000Z', '2024-05-20T00:57:18.598Z', 18);
INSERT INTO [dbo].[TeDhenatProduktit] ([TeDhenatProduktitID], [ProduktiId], [SasiaNeStok], [QmimiBleres], [QmimiProduktit], [DataKrijimit], [DataPerditsimit], [llojiTVSH]) VALUES (69, 69, 103, 13.46, 19.5, '1900-01-01T00:00:00.000Z', '2024-05-20T17:36:45.864Z', 18);
INSERT INTO [dbo].[TeDhenatProduktit] ([TeDhenatProduktitID], [ProduktiId], [SasiaNeStok], [QmimiBleres], [QmimiProduktit], [DataKrijimit], [DataPerditsimit], [llojiTVSH]) VALUES (70, 70, 35, 115.15, 164.5, '1900-01-01T00:00:00.000Z', '2024-05-20T23:41:40.289Z', 18);
INSERT INTO [dbo].[TeDhenatProduktit] ([TeDhenatProduktitID], [ProduktiId], [SasiaNeStok], [QmimiBleres], [QmimiProduktit], [DataKrijimit], [DataPerditsimit], [llojiTVSH]) VALUES (71, 71, 188, 301.16, 449.5, '1900-01-01T00:00:00.000Z', '2024-05-20T00:54:00.576Z', 18);
INSERT INTO [dbo].[TeDhenatProduktit] ([TeDhenatProduktitID], [ProduktiId], [SasiaNeStok], [QmimiBleres], [QmimiProduktit], [DataKrijimit], [DataPerditsimit], [llojiTVSH]) VALUES (72, 72, 97, 257.01, 329.5, '1900-01-01T00:00:00.000Z', '2024-05-20T00:53:18.125Z', 18);
INSERT INTO [dbo].[TeDhenatProduktit] ([TeDhenatProduktitID], [ProduktiId], [SasiaNeStok], [QmimiBleres], [QmimiProduktit], [DataKrijimit], [DataPerditsimit], [llojiTVSH]) VALUES (73, 73, 102, 4.42, 6.5, '1900-01-01T00:00:00.000Z', '2024-05-20T00:52:04.500Z', 18);
INSERT INTO [dbo].[TeDhenatProduktit] ([TeDhenatProduktitID], [ProduktiId], [SasiaNeStok], [QmimiBleres], [QmimiProduktit], [DataKrijimit], [DataPerditsimit], [llojiTVSH]) VALUES (74, 74, 116, 108.95, 141.5, '1900-01-01T00:00:00.000Z', '2024-05-20T00:51:32.669Z', 18);
INSERT INTO [dbo].[TeDhenatProduktit] ([TeDhenatProduktitID], [ProduktiId], [SasiaNeStok], [QmimiBleres], [QmimiProduktit], [DataKrijimit], [DataPerditsimit], [llojiTVSH]) VALUES (75, 75, 173, 3.38, 4.5, '1900-01-01T00:00:00.000Z', '2024-05-20T23:31:02.030Z', 18);
INSERT INTO [dbo].[TeDhenatProduktit] ([TeDhenatProduktitID], [ProduktiId], [SasiaNeStok], [QmimiBleres], [QmimiProduktit], [DataKrijimit], [DataPerditsimit], [llojiTVSH]) VALUES (76, 76, 54, 11.89, 19.5, '1900-01-01T00:00:00.000Z', '2024-05-20T23:44:56.394Z', 18);
INSERT INTO [dbo].[TeDhenatProduktit] ([TeDhenatProduktitID], [ProduktiId], [SasiaNeStok], [QmimiBleres], [QmimiProduktit], [DataKrijimit], [DataPerditsimit], [llojiTVSH]) VALUES (77, 77, 34, 111.78, 141.5, '1900-01-01T00:00:00.000Z', '2024-05-20T00:49:07.476Z', 18);
INSERT INTO [dbo].[TeDhenatProduktit] ([TeDhenatProduktitID], [ProduktiId], [SasiaNeStok], [QmimiBleres], [QmimiProduktit], [DataKrijimit], [DataPerditsimit], [llojiTVSH]) VALUES (78, 78, 236, 21.54, 29.5, '1900-01-01T00:00:00.000Z', '2024-05-20T23:31:02.002Z', 18);
INSERT INTO [dbo].[TeDhenatProduktit] ([TeDhenatProduktitID], [ProduktiId], [SasiaNeStok], [QmimiBleres], [QmimiProduktit], [DataKrijimit], [DataPerditsimit], [llojiTVSH]) VALUES (79, 79, 149, 38.75, 62.5, '1900-01-01T00:00:00.000Z', '2024-05-20T23:39:50.742Z', 18);
INSERT INTO [dbo].[TeDhenatProduktit] ([TeDhenatProduktitID], [ProduktiId], [SasiaNeStok], [QmimiBleres], [QmimiProduktit], [DataKrijimit], [DataPerditsimit], [llojiTVSH]) VALUES (80, 80, 33, 5.55, 7.5, '1900-01-01T00:00:00.000Z', '2024-05-20T23:39:50.771Z', 18);
INSERT INTO [dbo].[TeDhenatProduktit] ([TeDhenatProduktitID], [ProduktiId], [SasiaNeStok], [QmimiBleres], [QmimiProduktit], [DataKrijimit], [DataPerditsimit], [llojiTVSH]) VALUES (81, 81, 43, 2.34, 3.5, '1900-01-01T00:00:00.000Z', '2024-05-20T00:41:18.653Z', 18);
INSERT INTO [dbo].[TeDhenatProduktit] ([TeDhenatProduktitID], [ProduktiId], [SasiaNeStok], [QmimiBleres], [QmimiProduktit], [DataKrijimit], [DataPerditsimit], [llojiTVSH]) VALUES (82, 82, 146, 11.66, 18.5, '1900-01-01T00:00:00.000Z', '2024-05-20T17:36:22.629Z', 18);
INSERT INTO [dbo].[TeDhenatProduktit] ([TeDhenatProduktitID], [ProduktiId], [SasiaNeStok], [QmimiBleres], [QmimiProduktit], [DataKrijimit], [DataPerditsimit], [llojiTVSH]) VALUES (83, 83, 47, 26.46, 33.5, '1900-01-01T00:00:00.000Z', '2024-05-20T16:25:08.265Z', 18);
SET IDENTITY_INSERT [dbo].[TeDhenatProduktit] OFF;
SET IDENTITY_INSERT [dbo].[TeDhenatShporta] ON;
INSERT INTO [dbo].[TeDhenatShporta] ([TeDhenatShportaID], [ShportaID], [ProduktiID], [SasiaProduktit], [KohaEVendosjesNeShportes], [QmimiPorduktit]) VALUES (9, 4, 78, 1, '2024-05-20T23:40:13.182Z', 29.5);
INSERT INTO [dbo].[TeDhenatShporta] ([TeDhenatShportaID], [ShportaID], [ProduktiID], [SasiaProduktit], [KohaEVendosjesNeShportes], [QmimiPorduktit]) VALUES (13, 5, 34, 1, '2024-05-20T23:42:15.573Z', 132.5);
INSERT INTO [dbo].[TeDhenatShporta] ([TeDhenatShportaID], [ShportaID], [ProduktiID], [SasiaProduktit], [KohaEVendosjesNeShportes], [QmimiPorduktit]) VALUES (19, 7, 38, 1, '2024-05-20T23:45:10.477Z', 157.5);
INSERT INTO [dbo].[TeDhenatShporta] ([TeDhenatShportaID], [ShportaID], [ProduktiID], [SasiaProduktit], [KohaEVendosjesNeShportes], [QmimiPorduktit]) VALUES (22, 9, 83, 1, '2024-05-20T23:47:23.291Z', 33.5);
INSERT INTO [dbo].[TeDhenatShporta] ([TeDhenatShportaID], [ShportaID], [ProduktiID], [SasiaProduktit], [KohaEVendosjesNeShportes], [QmimiPorduktit]) VALUES (23, 9, 74, 1, '2024-05-20T23:47:26.308Z', 141.5);
INSERT INTO [dbo].[TeDhenatShporta] ([TeDhenatShportaID], [ShportaID], [ProduktiID], [SasiaProduktit], [KohaEVendosjesNeShportes], [QmimiPorduktit]) VALUES (24, 9, 68, 1, '2024-05-20T23:49:23.452Z', 358.5);
SET IDENTITY_INSERT [dbo].[TeDhenatShporta] OFF;
SET IDENTITY_INSERT [dbo].[ZbritjaQmimitProduktit] ON;
INSERT INTO [dbo].[ZbritjaQmimitProduktit] ([ZbritjaID], [ProduktiId], [QmimiPaZbritjeProduktit], [QmimiMeZbritjeProduktit], [DataZbritjes], [DataSkadimit]) VALUES (1, 82, 18.5, 16.3, '2024-05-21T01:25:08.294Z', '2024-09-13T00:00:00.000Z');
INSERT INTO [dbo].[ZbritjaQmimitProduktit] ([ZbritjaID], [ProduktiId], [QmimiPaZbritjeProduktit], [QmimiMeZbritjeProduktit], [DataZbritjes], [DataSkadimit]) VALUES (2, 32, 2999.5, 2888.89, '2024-05-21T01:25:26.723Z', '2024-11-06T00:00:00.000Z');
INSERT INTO [dbo].[ZbritjaQmimitProduktit] ([ZbritjaID], [ProduktiId], [QmimiPaZbritjeProduktit], [QmimiMeZbritjeProduktit], [DataZbritjes], [DataSkadimit]) VALUES (3, 7, 58.5, 51, '2024-05-21T01:25:46.770Z', '2024-11-19T00:00:00.000Z');
INSERT INTO [dbo].[ZbritjaQmimitProduktit] ([ZbritjaID], [ProduktiId], [QmimiPaZbritjeProduktit], [QmimiMeZbritjeProduktit], [DataZbritjes], [DataSkadimit]) VALUES (4, 47, 148.5, 130.68, '2024-05-30T23:41:58.600Z', '2024-06-30T00:00:00.000Z');
INSERT INTO [dbo].[ZbritjaQmimitProduktit] ([ZbritjaID], [ProduktiId], [QmimiPaZbritjeProduktit], [QmimiMeZbritjeProduktit], [DataZbritjes], [DataSkadimit]) VALUES (5, 5, 1904.5, 1809.27, '2024-05-30T23:42:13.813Z', '2024-06-04T00:00:00.000Z');
INSERT INTO [dbo].[ZbritjaQmimitProduktit] ([ZbritjaID], [ProduktiId], [QmimiPaZbritjeProduktit], [QmimiMeZbritjeProduktit], [DataZbritjes], [DataSkadimit]) VALUES (6, 63, 27.5, 21.18, '2024-05-30T23:42:31.671Z', '2024-08-11T00:00:00.000Z');
INSERT INTO [dbo].[ZbritjaQmimitProduktit] ([ZbritjaID], [ProduktiId], [QmimiPaZbritjeProduktit], [QmimiMeZbritjeProduktit], [DataZbritjes], [DataSkadimit]) VALUES (7, 62, 419.5, 411.11, '2024-05-30T23:43:27.586Z', '2024-06-11T00:00:00.000Z');
INSERT INTO [dbo].[ZbritjaQmimitProduktit] ([ZbritjaID], [ProduktiId], [QmimiPaZbritjeProduktit], [QmimiMeZbritjeProduktit], [DataZbritjes], [DataSkadimit]) VALUES (8, 57, 403.5, 355.08, '2024-05-30T23:43:45.313Z', '2024-07-22T00:00:00.000Z');
INSERT INTO [dbo].[ZbritjaQmimitProduktit] ([ZbritjaID], [ProduktiId], [QmimiPaZbritjeProduktit], [QmimiMeZbritjeProduktit], [DataZbritjes], [DataSkadimit]) VALUES (9, 48, 69.5, 53.52, '2024-05-30T23:43:54.245Z', '2024-06-07T00:00:00.000Z');
INSERT INTO [dbo].[ZbritjaQmimitProduktit] ([ZbritjaID], [ProduktiId], [QmimiPaZbritjeProduktit], [QmimiMeZbritjeProduktit], [DataZbritjes], [DataSkadimit]) VALUES (10, 73, 6.5, 6.37, '2024-05-30T23:51:21.953Z', '2024-07-25T00:00:00.000Z');
INSERT INTO [dbo].[ZbritjaQmimitProduktit] ([ZbritjaID], [ProduktiId], [QmimiPaZbritjeProduktit], [QmimiMeZbritjeProduktit], [DataZbritjes], [DataSkadimit]) VALUES (11, 79, 62.5, 50.63, '2024-05-30T23:51:28.360Z', '2024-07-29T00:00:00.000Z');
INSERT INTO [dbo].[ZbritjaQmimitProduktit] ([ZbritjaID], [ProduktiId], [QmimiPaZbritjeProduktit], [QmimiMeZbritjeProduktit], [DataZbritjes], [DataSkadimit]) VALUES (12, 68, 358.5, 351.33, '2024-05-30T23:51:47.030Z', '2024-08-24T00:00:00.000Z');
INSERT INTO [dbo].[ZbritjaQmimitProduktit] ([ZbritjaID], [ProduktiId], [QmimiPaZbritjeProduktit], [QmimiMeZbritjeProduktit], [DataZbritjes], [DataSkadimit]) VALUES (13, 74, 141.5, 124.52, '2024-05-30T23:52:30.116Z', '2024-06-11T00:00:00.000Z');
INSERT INTO [dbo].[ZbritjaQmimitProduktit] ([ZbritjaID], [ProduktiId], [QmimiPaZbritjeProduktit], [QmimiMeZbritjeProduktit], [DataZbritjes], [DataSkadimit]) VALUES (14, 50, 117.5, 96.35, '2024-05-30T23:52:37.035Z', '2024-07-14T00:00:00.000Z');
INSERT INTO [dbo].[ZbritjaQmimitProduktit] ([ZbritjaID], [ProduktiId], [QmimiPaZbritjeProduktit], [QmimiMeZbritjeProduktit], [DataZbritjes], [DataSkadimit]) VALUES (15, 80, 7.5, 6.97, '2024-05-30T23:52:50.454Z', '2024-07-31T00:00:00.000Z');
INSERT INTO [dbo].[ZbritjaQmimitProduktit] ([ZbritjaID], [ProduktiId], [QmimiPaZbritjeProduktit], [QmimiMeZbritjeProduktit], [DataZbritjes], [DataSkadimit]) VALUES (16, 67, 32.5, 29.25, '2024-05-30T23:53:00.310Z', '2024-07-02T00:00:00.000Z');
INSERT INTO [dbo].[ZbritjaQmimitProduktit] ([ZbritjaID], [ProduktiId], [QmimiPaZbritjeProduktit], [QmimiMeZbritjeProduktit], [DataZbritjes], [DataSkadimit]) VALUES (17, 66, 339.5, 325.92, '2024-05-30T23:53:13.348Z', '2024-08-11T00:00:00.000Z');
SET IDENTITY_INSERT [dbo].[ZbritjaQmimitProduktit] OFF;
UPDATE [dbo].[TeDhenatBiznesit]
SET [EmriIBiznesit] = 'Wilki Online SH.P.K.',
    [ShkurtesaEmritBiznesit] = 'WLK',
    [NUI] = 810300575,
    [NF] = 600043674,
    [NRTVSH] = 330034372,
    [Adresa] = '12 Qershori, Ferizaj, Kosove 70000',
    [NrKontaktit] = '+38343123123',
    [Email] = 'info@Wilki.com',
    [Logo] = 'bb08a6a4f4834f3f8109d1666908ba3a.png'
WHERE [IDTeDhenatBiznesit] = 1;
